name,files,modules,variables
SkipCellsPreprocessor,distrib/UXsim/tests/test_notebook_demos.py,test_notebook_demos.SkipCellsPreprocessor,self.exception_words
CellExecuter,distrib/UXsim/tests/test_notebook_demos_extra.py,test_notebook_demos_extra.CellExecuter,self.exception_words
TrafficSim,distrib/UXsim/demos_and_examples/example_14en_multiple_signals_Deep_Reinforcement_Learning_pytorch.py,example_14en_multiple_signals_Deep_Reinforcement_Learning_pytorch.TrafficSim,self.n_action
TrafficSim,distrib/UXsim/demos_and_examples/example_14en_multiple_signals_Deep_Reinforcement_Learning_pytorch.py,example_14en_multiple_signals_Deep_Reinforcement_Learning_pytorch.TrafficSim,self.action_space
TrafficSim,distrib/UXsim/demos_and_examples/example_14en_multiple_signals_Deep_Reinforcement_Learning_pytorch.py,example_14en_multiple_signals_Deep_Reinforcement_Learning_pytorch.TrafficSim,self.n_state
TrafficSim,distrib/UXsim/demos_and_examples/example_14en_multiple_signals_Deep_Reinforcement_Learning_pytorch.py,example_14en_multiple_signals_Deep_Reinforcement_Learning_pytorch.TrafficSim,low
TrafficSim,distrib/UXsim/demos_and_examples/example_14en_multiple_signals_Deep_Reinforcement_Learning_pytorch.py,example_14en_multiple_signals_Deep_Reinforcement_Learning_pytorch.TrafficSim,high
TrafficSim,distrib/UXsim/demos_and_examples/example_14en_multiple_signals_Deep_Reinforcement_Learning_pytorch.py,example_14en_multiple_signals_Deep_Reinforcement_Learning_pytorch.TrafficSim,self.observation_space
ReplayMemory,distrib/UXsim/demos_and_examples/example_14en_multiple_signals_Deep_Reinforcement_Learning_pytorch.py,example_14en_multiple_signals_Deep_Reinforcement_Learning_pytorch.ReplayMemory,self.memory
DQN,distrib/UXsim/demos_and_examples/example_14en_multiple_signals_Deep_Reinforcement_Learning_pytorch.py,example_14en_multiple_signals_Deep_Reinforcement_Learning_pytorch.DQN,n_neurals
DQN,distrib/UXsim/demos_and_examples/example_14en_multiple_signals_Deep_Reinforcement_Learning_pytorch.py,example_14en_multiple_signals_Deep_Reinforcement_Learning_pytorch.DQN,n_layers
DQN,distrib/UXsim/demos_and_examples/example_14en_multiple_signals_Deep_Reinforcement_Learning_pytorch.py,example_14en_multiple_signals_Deep_Reinforcement_Learning_pytorch.DQN,self.layers
DQN,distrib/UXsim/demos_and_examples/example_14en_multiple_signals_Deep_Reinforcement_Learning_pytorch.py,example_14en_multiple_signals_Deep_Reinforcement_Learning_pytorch.DQN,self.layer_last
UXsim_model,distrib/UXsim/demos_and_examples/example_27jp_interactive_simulation_by_streamlit.py,example_27jp_interactive_simulation_by_streamlit.UXsim_model,self.demand_flow
UXsim_model,distrib/UXsim/demos_and_examples/example_27jp_interactive_simulation_by_streamlit.py,example_27jp_interactive_simulation_by_streamlit.UXsim_model,self.green_split
UXsim_model,distrib/UXsim/demos_and_examples/example_27jp_interactive_simulation_by_streamlit.py,example_27jp_interactive_simulation_by_streamlit.UXsim_model,self.offsets
UXsim_model,distrib/UXsim/demos_and_examples/example_27jp_interactive_simulation_by_streamlit.py,example_27jp_interactive_simulation_by_streamlit.UXsim_model,self.n_nodes
UXsim_model,distrib/UXsim/demos_and_examples/example_27jp_interactive_simulation_by_streamlit.py,example_27jp_interactive_simulation_by_streamlit.UXsim_model,self.cycle
UXsim_model,distrib/UXsim/demos_and_examples/example_27jp_interactive_simulation_by_streamlit.py,example_27jp_interactive_simulation_by_streamlit.UXsim_model,self.W
Analyzer,distrib/UXsim/uxsim/analyzer.py,uxsim.analyzer.Analyzer,s.W
Analyzer,distrib/UXsim/uxsim/analyzer.py,uxsim.analyzer.Analyzer,s.average_speed
Analyzer,distrib/UXsim/uxsim/analyzer.py,uxsim.analyzer.Analyzer,s.average_speed_count
Analyzer,distrib/UXsim/uxsim/analyzer.py,uxsim.analyzer.Analyzer,s.trip_completed
Analyzer,distrib/UXsim/uxsim/analyzer.py,uxsim.analyzer.Analyzer,s.trip_all
Analyzer,distrib/UXsim/uxsim/analyzer.py,uxsim.analyzer.Analyzer,s.total_travel_time
Analyzer,distrib/UXsim/uxsim/analyzer.py,uxsim.analyzer.Analyzer,s.average_travel_time
Analyzer,distrib/UXsim/uxsim/analyzer.py,uxsim.analyzer.Analyzer,s.flag_edie_state_computed
Analyzer,distrib/UXsim/uxsim/analyzer.py,uxsim.analyzer.Analyzer,s.flag_trajectory_computed
Analyzer,distrib/UXsim/uxsim/analyzer.py,uxsim.analyzer.Analyzer,s.flag_pandas_convert
Analyzer,distrib/UXsim/uxsim/analyzer.py,uxsim.analyzer.Analyzer,s.flag_od_analysis
Analyzer,distrib/UXsim/uxsim/analyzer.py,uxsim.analyzer.Analyzer,s.font_data
Analyzer,distrib/UXsim/uxsim/analyzer.py,uxsim.analyzer.Analyzer,s.font_file_like
Analyzer,distrib/UXsim/uxsim/analyzer.py,uxsim.analyzer.Analyzer,plt.rcParams
Node,distrib/UXsim/uxsim/uxsim.py,uxsim.uxsim.Node,s.W
Node,distrib/UXsim/uxsim/uxsim.py,uxsim.uxsim.Node,s.x
Node,distrib/UXsim/uxsim/uxsim.py,uxsim.uxsim.Node,s.y
Node,distrib/UXsim/uxsim/uxsim.py,uxsim.uxsim.Node,s.attribute
Node,distrib/UXsim/uxsim/uxsim.py,uxsim.uxsim.Node,s.user_attribute
Node,distrib/UXsim/uxsim/uxsim.py,uxsim.uxsim.Node,s.user_function
Node,distrib/UXsim/uxsim/uxsim.py,uxsim.uxsim.Node,s.inlinks
Node,distrib/UXsim/uxsim/uxsim.py,uxsim.uxsim.Node,s.outlinks
Node,distrib/UXsim/uxsim/uxsim.py,uxsim.uxsim.Node,s.incoming_vehicles
Node,distrib/UXsim/uxsim/uxsim.py,uxsim.uxsim.Node,s.generation_queue
Node,distrib/UXsim/uxsim/uxsim.py,uxsim.uxsim.Node,s.signal
Node,distrib/UXsim/uxsim/uxsim.py,uxsim.uxsim.Node,s.signal_phase
Node,distrib/UXsim/uxsim/uxsim.py,uxsim.uxsim.Node,s.signal_t
Node,distrib/UXsim/uxsim/uxsim.py,uxsim.uxsim.Node,s.signal_offset
Node,distrib/UXsim/uxsim/uxsim.py,uxsim.uxsim.Node,offset
Node,distrib/UXsim/uxsim/uxsim.py,uxsim.uxsim.Node,s.signal_log
Node,distrib/UXsim/uxsim/uxsim.py,uxsim.uxsim.Node,s.flag_lanes_automatically_determined
Node,distrib/UXsim/uxsim/uxsim.py,uxsim.uxsim.Node,s.number_of_lanes
Node,distrib/UXsim/uxsim/uxsim.py,uxsim.uxsim.Node,s.id
Node,distrib/UXsim/uxsim/uxsim.py,uxsim.uxsim.Node,s.name
Node,distrib/UXsim/uxsim/uxsim.py,uxsim.uxsim.Node,s.auto_rename
Node,distrib/UXsim/uxsim/uxsim.py,uxsim.uxsim.Node,s.W.NODES_NAME_DICT
Link,distrib/UXsim/uxsim/uxsim.py,uxsim.uxsim.Link,s.W
Link,distrib/UXsim/uxsim/uxsim.py,uxsim.uxsim.Link,s.start_node
Link,distrib/UXsim/uxsim/uxsim.py,uxsim.uxsim.Link,s.end_node
Link,distrib/UXsim/uxsim/uxsim.py,uxsim.uxsim.Link,s.length
Link,distrib/UXsim/uxsim/uxsim.py,uxsim.uxsim.Link,s.number_of_lanes
Link,distrib/UXsim/uxsim/uxsim.py,uxsim.uxsim.Link,s.u
Link,distrib/UXsim/uxsim/uxsim.py,uxsim.uxsim.Link,s.kappa
Link,distrib/UXsim/uxsim/uxsim.py,uxsim.uxsim.Link,s.tau
Link,distrib/UXsim/uxsim/uxsim.py,uxsim.uxsim.Link,s.w
Link,distrib/UXsim/uxsim/uxsim.py,uxsim.uxsim.Link,s.capacity
Link,distrib/UXsim/uxsim/uxsim.py,uxsim.uxsim.Link,s.delta
Link,distrib/UXsim/uxsim/uxsim.py,uxsim.uxsim.Link,s.delta_per_lane
Link,distrib/UXsim/uxsim/uxsim.py,uxsim.uxsim.Link,s.q_star
Link,distrib/UXsim/uxsim/uxsim.py,uxsim.uxsim.Link,s.k_star
Link,distrib/UXsim/uxsim/uxsim.py,uxsim.uxsim.Link,s.free_flow_speed
Link,distrib/UXsim/uxsim/uxsim.py,uxsim.uxsim.Link,s.jam_density
Link,distrib/UXsim/uxsim/uxsim.py,uxsim.uxsim.Link,s.jam_density_per_lane
Link,distrib/UXsim/uxsim/uxsim.py,uxsim.uxsim.Link,s.merge_priority
Link,distrib/UXsim/uxsim/uxsim.py,uxsim.uxsim.Link,s.vehicles
Link,distrib/UXsim/uxsim/uxsim.py,uxsim.uxsim.Link,s.traveltime_instant
Link,distrib/UXsim/uxsim/uxsim.py,uxsim.uxsim.Link,s.route_choice_penalty
Link,distrib/UXsim/uxsim/uxsim.py,uxsim.uxsim.Link,s.cum_arrival
Link,distrib/UXsim/uxsim/uxsim.py,uxsim.uxsim.Link,s.cum_departure
Link,distrib/UXsim/uxsim/uxsim.py,uxsim.uxsim.Link,s.traveltime_actual
Link,distrib/UXsim/uxsim/uxsim.py,uxsim.uxsim.Link,s.signal_group
Link,distrib/UXsim/uxsim/uxsim.py,uxsim.uxsim.Link,s.capacity_out
Link,distrib/UXsim/uxsim/uxsim.py,uxsim.uxsim.Link,s.capacity_out_remain
Link,distrib/UXsim/uxsim/uxsim.py,uxsim.uxsim.Link,s.capacity_in
Link,distrib/UXsim/uxsim/uxsim.py,uxsim.uxsim.Link,s.id
Link,distrib/UXsim/uxsim/uxsim.py,uxsim.uxsim.Link,s.name
Link,distrib/UXsim/uxsim/uxsim.py,uxsim.uxsim.Link,s.auto_rename
Link,distrib/UXsim/uxsim/uxsim.py,uxsim.uxsim.Link,s.W.LINKS_NAME_DICT
Link,distrib/UXsim/uxsim/uxsim.py,uxsim.uxsim.Link,s.start_node.outlinks
Link,distrib/UXsim/uxsim/uxsim.py,uxsim.uxsim.Link,s.end_node.inlinks
Link,distrib/UXsim/uxsim/uxsim.py,uxsim.uxsim.Link,s.attribute
Link,distrib/UXsim/uxsim/uxsim.py,uxsim.uxsim.Link,s.user_attribute
Link,distrib/UXsim/uxsim/uxsim.py,uxsim.uxsim.Link,s.user_function
Link,distrib/UXsim/uxsim/uxsim.py,uxsim.uxsim.Link,s._speed
Link,distrib/UXsim/uxsim/uxsim.py,uxsim.uxsim.Link,s._density
Link,distrib/UXsim/uxsim/uxsim.py,uxsim.uxsim.Link,s._flow
Link,distrib/UXsim/uxsim/uxsim.py,uxsim.uxsim.Link,s._num_vehicles
Link,distrib/UXsim/uxsim/uxsim.py,uxsim.uxsim.Link,s._num_vehicles_queue
Link,distrib/UXsim/uxsim/uxsim.py,uxsim.uxsim.Link,s.tss
Link,distrib/UXsim/uxsim/uxsim.py,uxsim.uxsim.Link,s.xss
Link,distrib/UXsim/uxsim/uxsim.py,uxsim.uxsim.Link,s.cs
Link,distrib/UXsim/uxsim/uxsim.py,uxsim.uxsim.Link,s.ls
Link,distrib/UXsim/uxsim/uxsim.py,uxsim.uxsim.Link,s.names
Link,distrib/UXsim/uxsim/uxsim.py,uxsim.uxsim.Link,s.eular_dx
Vehicle,distrib/UXsim/uxsim/uxsim.py,uxsim.uxsim.Vehicle,s.W
Vehicle,distrib/UXsim/uxsim/uxsim.py,uxsim.uxsim.Vehicle,s.orig
Vehicle,distrib/UXsim/uxsim/uxsim.py,uxsim.uxsim.Vehicle,s.dest
Vehicle,distrib/UXsim/uxsim/uxsim.py,uxsim.uxsim.Vehicle,s.departure_time_in_second
Vehicle,distrib/UXsim/uxsim/uxsim.py,uxsim.uxsim.Vehicle,s.arrival_time
Vehicle,distrib/UXsim/uxsim/uxsim.py,uxsim.uxsim.Vehicle,s.link_arrival_time
Vehicle,distrib/UXsim/uxsim/uxsim.py,uxsim.uxsim.Vehicle,s.travel_time
Vehicle,distrib/UXsim/uxsim/uxsim.py,uxsim.uxsim.Vehicle,s.state
Vehicle,distrib/UXsim/uxsim/uxsim.py,uxsim.uxsim.Vehicle,s.link
Vehicle,distrib/UXsim/uxsim/uxsim.py,uxsim.uxsim.Vehicle,s.x
Vehicle,distrib/UXsim/uxsim/uxsim.py,uxsim.uxsim.Vehicle,s.x_next
Vehicle,distrib/UXsim/uxsim/uxsim.py,uxsim.uxsim.Vehicle,s.x_old
Vehicle,distrib/UXsim/uxsim/uxsim.py,uxsim.uxsim.Vehicle,s.v
Vehicle,distrib/UXsim/uxsim/uxsim.py,uxsim.uxsim.Vehicle,s.lane
Vehicle,distrib/UXsim/uxsim/uxsim.py,uxsim.uxsim.Vehicle,s.leader
Vehicle,distrib/UXsim/uxsim/uxsim.py,uxsim.uxsim.Vehicle,s.follower
Vehicle,distrib/UXsim/uxsim/uxsim.py,uxsim.uxsim.Vehicle,s.flag_waiting_for_trip_end
Vehicle,distrib/UXsim/uxsim/uxsim.py,uxsim.uxsim.Vehicle,s.move_remain
Vehicle,distrib/UXsim/uxsim/uxsim.py,uxsim.uxsim.Vehicle,s.mode
Vehicle,distrib/UXsim/uxsim/uxsim.py,uxsim.uxsim.Vehicle,s.dest_list
Vehicle,distrib/UXsim/uxsim/uxsim.py,uxsim.uxsim.Vehicle,s.node_event
Vehicle,distrib/UXsim/uxsim/uxsim.py,uxsim.uxsim.Vehicle,s.links_prefer
Vehicle,distrib/UXsim/uxsim/uxsim.py,uxsim.uxsim.Vehicle,s.links_avoid
Vehicle,distrib/UXsim/uxsim/uxsim.py,uxsim.uxsim.Vehicle,s.trip_abort
Vehicle,distrib/UXsim/uxsim/uxsim.py,uxsim.uxsim.Vehicle,s.flag_trip_aborted
Vehicle,distrib/UXsim/uxsim/uxsim.py,uxsim.uxsim.Vehicle,s.log_t
Vehicle,distrib/UXsim/uxsim/uxsim.py,uxsim.uxsim.Vehicle,s.log_state
Vehicle,distrib/UXsim/uxsim/uxsim.py,uxsim.uxsim.Vehicle,s.log_link
Vehicle,distrib/UXsim/uxsim/uxsim.py,uxsim.uxsim.Vehicle,s.log_x
Vehicle,distrib/UXsim/uxsim/uxsim.py,uxsim.uxsim.Vehicle,s.log_s
Vehicle,distrib/UXsim/uxsim/uxsim.py,uxsim.uxsim.Vehicle,s.log_v
Vehicle,distrib/UXsim/uxsim/uxsim.py,uxsim.uxsim.Vehicle,s.log_lane
Vehicle,distrib/UXsim/uxsim/uxsim.py,uxsim.uxsim.Vehicle,s.color
Vehicle,distrib/UXsim/uxsim/uxsim.py,uxsim.uxsim.Vehicle,s.log_t_link
Vehicle,distrib/UXsim/uxsim/uxsim.py,uxsim.uxsim.Vehicle,s.link_old
Vehicle,distrib/UXsim/uxsim/uxsim.py,uxsim.uxsim.Vehicle,s.distance_traveled
Vehicle,distrib/UXsim/uxsim/uxsim.py,uxsim.uxsim.Vehicle,s.attribute
Vehicle,distrib/UXsim/uxsim/uxsim.py,uxsim.uxsim.Vehicle,s.user_attribute
Vehicle,distrib/UXsim/uxsim/uxsim.py,uxsim.uxsim.Vehicle,s.user_function
Vehicle,distrib/UXsim/uxsim/uxsim.py,uxsim.uxsim.Vehicle,s.id
Vehicle,distrib/UXsim/uxsim/uxsim.py,uxsim.uxsim.Vehicle,s.W.VEHICLES
Vehicle,distrib/UXsim/uxsim/uxsim.py,uxsim.uxsim.Vehicle,s.W.VEHICLES_LIVING
RouteChoice,distrib/UXsim/uxsim/uxsim.py,uxsim.uxsim.RouteChoice,s.W
RouteChoice,distrib/UXsim/uxsim/uxsim.py,uxsim.uxsim.RouteChoice,s.adj_mat_time
RouteChoice,distrib/UXsim/uxsim/uxsim.py,uxsim.uxsim.RouteChoice,s.dist
RouteChoice,distrib/UXsim/uxsim/uxsim.py,uxsim.uxsim.RouteChoice,s.next
RouteChoice,distrib/UXsim/uxsim/uxsim.py,uxsim.uxsim.RouteChoice,s.pred
RouteChoice,distrib/UXsim/uxsim/uxsim.py,uxsim.uxsim.RouteChoice,s.dist_record
RouteChoice,distrib/UXsim/uxsim/uxsim.py,uxsim.uxsim.RouteChoice,s.route_pref
World,distrib/UXsim/uxsim/uxsim.py,uxsim.uxsim.World,W.rng
World,distrib/UXsim/uxsim/uxsim.py,uxsim.uxsim.World,W.random_seed
World,distrib/UXsim/uxsim/uxsim.py,uxsim.uxsim.World,W.TMAX
World,distrib/UXsim/uxsim/uxsim.py,uxsim.uxsim.World,W.DELTAN
World,distrib/UXsim/uxsim/uxsim.py,uxsim.uxsim.World,W.REACTION_TIME
World,distrib/UXsim/uxsim/uxsim.py,uxsim.uxsim.World,W.DUO_UPDATE_TIME
World,distrib/UXsim/uxsim/uxsim.py,uxsim.uxsim.World,W.DUO_UPDATE_WEIGHT
World,distrib/UXsim/uxsim/uxsim.py,uxsim.uxsim.World,W.DUO_NOISE
World,distrib/UXsim/uxsim/uxsim.py,uxsim.uxsim.World,W.EULAR_DT
World,distrib/UXsim/uxsim/uxsim.py,uxsim.uxsim.World,W.DELTAT
World,distrib/UXsim/uxsim/uxsim.py,uxsim.uxsim.World,W.DELTAT_ROUTE
World,distrib/UXsim/uxsim/uxsim.py,uxsim.uxsim.World,W.VEHICLES
World,distrib/UXsim/uxsim/uxsim.py,uxsim.uxsim.World,W.VEHICLES_LIVING
World,distrib/UXsim/uxsim/uxsim.py,uxsim.uxsim.World,W.VEHICLES_RUNNING
World,distrib/UXsim/uxsim/uxsim.py,uxsim.uxsim.World,W.NODES
World,distrib/UXsim/uxsim/uxsim.py,uxsim.uxsim.World,W.LINKS
World,distrib/UXsim/uxsim/uxsim.py,uxsim.uxsim.World,W.NODES_NAME_DICT
World,distrib/UXsim/uxsim/uxsim.py,uxsim.uxsim.World,W.LINKS_NAME_DICT
World,distrib/UXsim/uxsim/uxsim.py,uxsim.uxsim.World,W.vehicle_logging_timestep_interval
World,distrib/UXsim/uxsim/uxsim.py,uxsim.uxsim.World,W.route_choice_principle
World,distrib/UXsim/uxsim/uxsim.py,uxsim.uxsim.World,W.route_choice_update_gradual
World,distrib/UXsim/uxsim/uxsim.py,uxsim.uxsim.World,W.instantaneous_TT_timestep_interval
World,distrib/UXsim/uxsim/uxsim.py,uxsim.uxsim.World,W.route_pref_for_vehs
World,distrib/UXsim/uxsim/uxsim.py,uxsim.uxsim.World,W.show_progress
World,distrib/UXsim/uxsim/uxsim.py,uxsim.uxsim.World,W.show_progress_deltat_timestep
World,distrib/UXsim/uxsim/uxsim.py,uxsim.uxsim.World,W.reduce_memory_delete_vehicle_route_pref
World,distrib/UXsim/uxsim/uxsim.py,uxsim.uxsim.World,W.name
World,distrib/UXsim/uxsim/uxsim.py,uxsim.uxsim.World,W.hard_deterministic_mode
World,distrib/UXsim/uxsim/uxsim.py,uxsim.uxsim.World,W.meta_data
World,distrib/UXsim/uxsim/uxsim.py,uxsim.uxsim.World,W.network_info
World,distrib/UXsim/uxsim/uxsim.py,uxsim.uxsim.World,W.demand_info
World,distrib/UXsim/uxsim/uxsim.py,uxsim.uxsim.World,W.finalized
World,distrib/UXsim/uxsim/uxsim.py,uxsim.uxsim.World,W.world_start_time
World,distrib/UXsim/uxsim/uxsim.py,uxsim.uxsim.World,W.print_mode
World,distrib/UXsim/uxsim/uxsim.py,uxsim.uxsim.World,W.save_mode
World,distrib/UXsim/uxsim/uxsim.py,uxsim.uxsim.World,W.show_mode
World,distrib/UXsim/uxsim/uxsim.py,uxsim.uxsim.World,W.user_attribute
World,distrib/UXsim/uxsim/uxsim.py,uxsim.uxsim.World,W.user_function
Route,distrib/UXsim/uxsim/uxsim.py,uxsim.uxsim.Route,s.W
Route,distrib/UXsim/uxsim/uxsim.py,uxsim.uxsim.Route,s.name
Route,distrib/UXsim/uxsim/uxsim.py,uxsim.uxsim.Route,s.links
Route,distrib/UXsim/uxsim/uxsim.py,uxsim.uxsim.Route,s.links_name
EdgeItem,distrib/UXsim/uxsim/ResultGUIViewer/ResultGUIViewer.py,uxsimResultGUIViewer.ResultGUIViewer.EdgeItem,self.name
EdgeItem,distrib/UXsim/uxsim/ResultGUIViewer/ResultGUIViewer.py,uxsimResultGUIViewer.ResultGUIViewer.EdgeItem,self.start_node
EdgeItem,distrib/UXsim/uxsim/ResultGUIViewer/ResultGUIViewer.py,uxsimResultGUIViewer.ResultGUIViewer.EdgeItem,self.end_node
EdgeItem,distrib/UXsim/uxsim/ResultGUIViewer/ResultGUIViewer.py,uxsimResultGUIViewer.ResultGUIViewer.EdgeItem,self.density_list
EdgeItem,distrib/UXsim/uxsim/ResultGUIViewer/ResultGUIViewer.py,uxsimResultGUIViewer.ResultGUIViewer.EdgeItem,self.Link
EdgeItem,distrib/UXsim/uxsim/ResultGUIViewer/ResultGUIViewer.py,uxsimResultGUIViewer.ResultGUIViewer.EdgeItem,self.t
EdgeItem,distrib/UXsim/uxsim/ResultGUIViewer/ResultGUIViewer.py,uxsimResultGUIViewer.ResultGUIViewer.EdgeItem,self.curve_direction
EdgeItem,distrib/UXsim/uxsim/ResultGUIViewer/ResultGUIViewer.py,uxsimResultGUIViewer.ResultGUIViewer.EdgeItem,self.show_name
NodeItem,distrib/UXsim/uxsim/ResultGUIViewer/ResultGUIViewer.py,uxsimResultGUIViewer.ResultGUIViewer.NodeItem,self.name
NodeItem,distrib/UXsim/uxsim/ResultGUIViewer/ResultGUIViewer.py,uxsimResultGUIViewer.ResultGUIViewer.NodeItem,self.Node
NodeItem,distrib/UXsim/uxsim/ResultGUIViewer/ResultGUIViewer.py,uxsimResultGUIViewer.ResultGUIViewer.NodeItem,self.show_name
GraphWidget,distrib/UXsim/uxsim/ResultGUIViewer/ResultGUIViewer.py,uxsimResultGUIViewer.ResultGUIViewer.GraphWidget,self.vehicle_list
GraphWidget,distrib/UXsim/uxsim/ResultGUIViewer/ResultGUIViewer.py,uxsimResultGUIViewer.ResultGUIViewer.GraphWidget,self.show_vehicles
GraphWidget,distrib/UXsim/uxsim/ResultGUIViewer/ResultGUIViewer.py,uxsimResultGUIViewer.ResultGUIViewer.GraphWidget,self.edges
MainWindow,distrib/UXsim/uxsim/ResultGUIViewer/ResultGUIViewer.py,uxsimResultGUIViewer.ResultGUIViewer.MainWindow,self.W
MainWindow,distrib/UXsim/uxsim/ResultGUIViewer/ResultGUIViewer.py,uxsimResultGUIViewer.ResultGUIViewer.MainWindow,self.tmax
MainWindow,distrib/UXsim/uxsim/ResultGUIViewer/ResultGUIViewer.py,uxsimResultGUIViewer.ResultGUIViewer.MainWindow,self.dt
MainWindow,distrib/UXsim/uxsim/ResultGUIViewer/ResultGUIViewer.py,uxsimResultGUIViewer.ResultGUIViewer.MainWindow,self.playing
MainWindow,distrib/UXsim/uxsim/ResultGUIViewer/ResultGUIViewer.py,uxsimResultGUIViewer.ResultGUIViewer.MainWindow,self.curve_direction
MainWindow,distrib/UXsim/uxsim/ResultGUIViewer/ResultGUIViewer.py,uxsimResultGUIViewer.ResultGUIViewer.MainWindow,self.show_names
MainWindow,distrib/UXsim/uxsim/ResultGUIViewer/ResultGUIViewer.py,uxsimResultGUIViewer.ResultGUIViewer.MainWindow,self.show_vehicles
MainWindow,distrib/UXsim/uxsim/ResultGUIViewer/ResultGUIViewer.py,uxsimResultGUIViewer.ResultGUIViewer.MainWindow,central_widget
MainWindow,distrib/UXsim/uxsim/ResultGUIViewer/ResultGUIViewer.py,uxsimResultGUIViewer.ResultGUIViewer.MainWindow,layout
MainWindow,distrib/UXsim/uxsim/ResultGUIViewer/ResultGUIViewer.py,uxsimResultGUIViewer.ResultGUIViewer.MainWindow,slider_layout
MainWindow,distrib/UXsim/uxsim/ResultGUIViewer/ResultGUIViewer.py,uxsimResultGUIViewer.ResultGUIViewer.MainWindow,self.t_slider
MainWindow,distrib/UXsim/uxsim/ResultGUIViewer/ResultGUIViewer.py,uxsimResultGUIViewer.ResultGUIViewer.MainWindow,self.t_label
MainWindow,distrib/UXsim/uxsim/ResultGUIViewer/ResultGUIViewer.py,uxsimResultGUIViewer.ResultGUIViewer.MainWindow,button_layout
MainWindow,distrib/UXsim/uxsim/ResultGUIViewer/ResultGUIViewer.py,uxsimResultGUIViewer.ResultGUIViewer.MainWindow,self.play_button
MainWindow,distrib/UXsim/uxsim/ResultGUIViewer/ResultGUIViewer.py,uxsimResultGUIViewer.ResultGUIViewer.MainWindow,self.stop_button
MainWindow,distrib/UXsim/uxsim/ResultGUIViewer/ResultGUIViewer.py,uxsimResultGUIViewer.ResultGUIViewer.MainWindow,self.graph_widget
MainWindow,distrib/UXsim/uxsim/ResultGUIViewer/ResultGUIViewer.py,uxsimResultGUIViewer.ResultGUIViewer.MainWindow,self.timer
MainWindow,distrib/UXsim/uxsim/ResultGUIViewer/ResultGUIViewer.py,uxsimResultGUIViewer.ResultGUIViewer.MainWindow,menu_bar
MainWindow,distrib/UXsim/uxsim/ResultGUIViewer/ResultGUIViewer.py,uxsimResultGUIViewer.ResultGUIViewer.MainWindow,menu_data
MainWindow,distrib/UXsim/uxsim/ResultGUIViewer/ResultGUIViewer.py,uxsimResultGUIViewer.ResultGUIViewer.MainWindow,action_basic_stats
MainWindow,distrib/UXsim/uxsim/ResultGUIViewer/ResultGUIViewer.py,uxsimResultGUIViewer.ResultGUIViewer.MainWindow,action_basic_stats
MainWindow,distrib/UXsim/uxsim/ResultGUIViewer/ResultGUIViewer.py,uxsimResultGUIViewer.ResultGUIViewer.MainWindow,action_basic_stats
MainWindow,distrib/UXsim/uxsim/ResultGUIViewer/ResultGUIViewer.py,uxsimResultGUIViewer.ResultGUIViewer.MainWindow,action_basic_stats
MainWindow,distrib/UXsim/uxsim/ResultGUIViewer/ResultGUIViewer.py,uxsimResultGUIViewer.ResultGUIViewer.MainWindow,action_basic_stats
MainWindow,distrib/UXsim/uxsim/ResultGUIViewer/ResultGUIViewer.py,uxsimResultGUIViewer.ResultGUIViewer.MainWindow,menu_settings
MainWindow,distrib/UXsim/uxsim/ResultGUIViewer/ResultGUIViewer.py,uxsimResultGUIViewer.ResultGUIViewer.MainWindow,option_curve_direction
MainWindow,distrib/UXsim/uxsim/ResultGUIViewer/ResultGUIViewer.py,uxsimResultGUIViewer.ResultGUIViewer.MainWindow,curve_right_action
MainWindow,distrib/UXsim/uxsim/ResultGUIViewer/ResultGUIViewer.py,uxsimResultGUIViewer.ResultGUIViewer.MainWindow,curve_left_action
MainWindow,distrib/UXsim/uxsim/ResultGUIViewer/ResultGUIViewer.py,uxsimResultGUIViewer.ResultGUIViewer.MainWindow,option_display
MainWindow,distrib/UXsim/uxsim/ResultGUIViewer/ResultGUIViewer.py,uxsimResultGUIViewer.ResultGUIViewer.MainWindow,show_names_action
MainWindow,distrib/UXsim/uxsim/ResultGUIViewer/ResultGUIViewer.py,uxsimResultGUIViewer.ResultGUIViewer.MainWindow,menu_Vehicle
MainWindow,distrib/UXsim/uxsim/ResultGUIViewer/ResultGUIViewer.py,uxsimResultGUIViewer.ResultGUIViewer.MainWindow,action_show_vehicle
MainWindow,distrib/UXsim/uxsim/ResultGUIViewer/ResultGUIViewer.py,uxsimResultGUIViewer.ResultGUIViewer.MainWindow,menu_Animation
MainWindow,distrib/UXsim/uxsim/ResultGUIViewer/ResultGUIViewer.py,uxsimResultGUIViewer.ResultGUIViewer.MainWindow,action_csv
MainWindow,distrib/UXsim/uxsim/ResultGUIViewer/ResultGUIViewer.py,uxsimResultGUIViewer.ResultGUIViewer.MainWindow,action_network_anim_detailed0
MainWindow,distrib/UXsim/uxsim/ResultGUIViewer/ResultGUIViewer.py,uxsimResultGUIViewer.ResultGUIViewer.MainWindow,action_network_anim_detailed1
MainWindow,distrib/UXsim/uxsim/ResultGUIViewer/ResultGUIViewer.py,uxsimResultGUIViewer.ResultGUIViewer.MainWindow,action_network_anim_fancy
PandasModel,distrib/UXsim/uxsim/ResultGUIViewer/ResultGUIViewer.py,uxsimResultGUIViewer.ResultGUIViewer.PandasModel,self._data
DataFrameViewer,distrib/UXsim/uxsim/ResultGUIViewer/ResultGUIViewer.py,uxsimResultGUIViewer.ResultGUIViewer.DataFrameViewer,self.model
DataFrameViewer,distrib/UXsim/uxsim/ResultGUIViewer/ResultGUIViewer.py,uxsimResultGUIViewer.ResultGUIViewer.DataFrameViewer,self.view
SolverDUE,distrib/UXsim/uxsim/DTAsolvers/DTAsolvers.py,uxsimDTAsolvers.DTAsolvers.SolverDUE,s.func_World
SolverDUE,distrib/UXsim/uxsim/DTAsolvers/DTAsolvers.py,uxsimDTAsolvers.DTAsolvers.SolverDUE,s.W_sol
SolverDUE,distrib/UXsim/uxsim/DTAsolvers/DTAsolvers.py,uxsimDTAsolvers.DTAsolvers.SolverDUE,s.W_intermid_solution
SolverDUE,distrib/UXsim/uxsim/DTAsolvers/DTAsolvers.py,uxsimDTAsolvers.DTAsolvers.SolverDUE,s.dfs_link
SolverDSO_GA,distrib/UXsim/uxsim/DTAsolvers/DTAsolvers.py,uxsimDTAsolvers.DTAsolvers.SolverDSO_GA,s.func_World
SolverDSO_GA,distrib/UXsim/uxsim/DTAsolvers/DTAsolvers.py,uxsimDTAsolvers.DTAsolvers.SolverDSO_GA,s.W_sol
SolverDSO_GA,distrib/UXsim/uxsim/DTAsolvers/DTAsolvers.py,uxsimDTAsolvers.DTAsolvers.SolverDSO_GA,s.W_intermid_solution
SolverDSO_GA,distrib/UXsim/uxsim/DTAsolvers/DTAsolvers.py,uxsimDTAsolvers.DTAsolvers.SolverDSO_GA,s.dfs_link
TripRequest,distrib/UXsim/uxsim/TaxiHandler/TaxiHandler.py,uxsimTaxiHandler.TaxiHandler.TripRequest,s.W
TripRequest,distrib/UXsim/uxsim/TaxiHandler/TaxiHandler.py,uxsimTaxiHandler.TaxiHandler.TripRequest,s.H
TripRequest,distrib/UXsim/uxsim/TaxiHandler/TaxiHandler.py,uxsimTaxiHandler.TaxiHandler.TripRequest,s.orig
TripRequest,distrib/UXsim/uxsim/TaxiHandler/TaxiHandler.py,uxsimTaxiHandler.TaxiHandler.TripRequest,s.dest
TripRequest,distrib/UXsim/uxsim/TaxiHandler/TaxiHandler.py,uxsimTaxiHandler.TaxiHandler.TripRequest,s.depart_time
TripRequest,distrib/UXsim/uxsim/TaxiHandler/TaxiHandler.py,uxsimTaxiHandler.TaxiHandler.TripRequest,s.attribute
TripRequest,distrib/UXsim/uxsim/TaxiHandler/TaxiHandler.py,uxsimTaxiHandler.TaxiHandler.TripRequest,s.name
TripRequest,distrib/UXsim/uxsim/TaxiHandler/TaxiHandler.py,uxsimTaxiHandler.TaxiHandler.TripRequest,s.get_taxi_time
TripRequest,distrib/UXsim/uxsim/TaxiHandler/TaxiHandler.py,uxsimTaxiHandler.TaxiHandler.TripRequest,s.arrival_time
TripRequest,distrib/UXsim/uxsim/TaxiHandler/TaxiHandler.py,uxsimTaxiHandler.TaxiHandler.TripRequest,s.taxi
TaxiHandler,distrib/UXsim/uxsim/TaxiHandler/TaxiHandler.py,uxsimTaxiHandler.TaxiHandler.TaxiHandler,s.trip_requests
TaxiHandler,distrib/UXsim/uxsim/TaxiHandler/TaxiHandler.py,uxsimTaxiHandler.TaxiHandler.TaxiHandler,s.trip_requests_all
TaxiHandler,distrib/UXsim/uxsim/TaxiHandler/TaxiHandler.py,uxsimTaxiHandler.TaxiHandler.TaxiHandler,s.W
TaxiHandler_nearest_matching_radious,distrib/UXsim/uxsim/TaxiHandler/TaxiHandler.py,uxsimTaxiHandler.TaxiHandler.TaxiHandler_nearest_matching_radious,s.matching_radious
example_10en_signal_4legged_intersection.py,distrib/UXsim/demos_and_examples/example_10en_signal_4legged_intersection.py,example_10en_signal_4legged_intersection,seed
example_10en_signal_4legged_intersection.py,distrib/UXsim/demos_and_examples/example_10en_signal_4legged_intersection.py,example_10en_signal_4legged_intersection,W
example_10en_signal_4legged_intersection.py,distrib/UXsim/demos_and_examples/example_10en_signal_4legged_intersection.py,example_10en_signal_4legged_intersection,II
example_10en_signal_4legged_intersection.py,distrib/UXsim/demos_and_examples/example_10en_signal_4legged_intersection.py,example_10en_signal_4legged_intersection,EE
example_10en_signal_4legged_intersection.py,distrib/UXsim/demos_and_examples/example_10en_signal_4legged_intersection.py,example_10en_signal_4legged_intersection,WW
example_10en_signal_4legged_intersection.py,distrib/UXsim/demos_and_examples/example_10en_signal_4legged_intersection.py,example_10en_signal_4legged_intersection,SS
example_10en_signal_4legged_intersection.py,distrib/UXsim/demos_and_examples/example_10en_signal_4legged_intersection.py,example_10en_signal_4legged_intersection,NN
example_10en_signal_4legged_intersection.py,distrib/UXsim/demos_and_examples/example_10en_signal_4legged_intersection.py,example_10en_signal_4legged_intersection,dt
example_21en_modal_share_private_car_and_carsharing.py,distrib/UXsim/demos_and_examples/example_21en_modal_share_private_car_and_carsharing.py,example_21en_modal_share_private_car_and_carsharing,tmax
example_21en_modal_share_private_car_and_carsharing.py,distrib/UXsim/demos_and_examples/example_21en_modal_share_private_car_and_carsharing.py,example_21en_modal_share_private_car_and_carsharing,deltan
example_21en_modal_share_private_car_and_carsharing.py,distrib/UXsim/demos_and_examples/example_21en_modal_share_private_car_and_carsharing.py,example_21en_modal_share_private_car_and_carsharing,W
example_21en_modal_share_private_car_and_carsharing.py,distrib/UXsim/demos_and_examples/example_21en_modal_share_private_car_and_carsharing.py,example_21en_modal_share_private_car_and_carsharing,imax
example_21en_modal_share_private_car_and_carsharing.py,distrib/UXsim/demos_and_examples/example_21en_modal_share_private_car_and_carsharing.py,example_21en_modal_share_private_car_and_carsharing,jmax
example_21en_modal_share_private_car_and_carsharing.py,distrib/UXsim/demos_and_examples/example_21en_modal_share_private_car_and_carsharing.py,example_21en_modal_share_private_car_and_carsharing,nodes
example_21en_modal_share_private_car_and_carsharing.py,distrib/UXsim/demos_and_examples/example_21en_modal_share_private_car_and_carsharing.py,example_21en_modal_share_private_car_and_carsharing,links
example_21en_modal_share_private_car_and_carsharing.py,distrib/UXsim/demos_and_examples/example_21en_modal_share_private_car_and_carsharing.py,example_21en_modal_share_private_car_and_carsharing,Handler
example_21en_modal_share_private_car_and_carsharing.py,distrib/UXsim/demos_and_examples/example_21en_modal_share_private_car_and_carsharing.py,example_21en_modal_share_private_car_and_carsharing,n_total_demand
example_21en_modal_share_private_car_and_carsharing.py,distrib/UXsim/demos_and_examples/example_21en_modal_share_private_car_and_carsharing.py,example_21en_modal_share_private_car_and_carsharing,n_car_travelers
example_21en_modal_share_private_car_and_carsharing.py,distrib/UXsim/demos_and_examples/example_21en_modal_share_private_car_and_carsharing.py,example_21en_modal_share_private_car_and_carsharing,n_taxi_travelers
example_21en_modal_share_private_car_and_carsharing.py,distrib/UXsim/demos_and_examples/example_21en_modal_share_private_car_and_carsharing.py,example_21en_modal_share_private_car_and_carsharing,n_taxis
example_27jp_interactive_simulation_by_streamlit.py,distrib/UXsim/demos_and_examples/example_27jp_interactive_simulation_by_streamlit.py,example_27jp_interactive_simulation_by_streamlit,initial_sim
example_27jp_interactive_simulation_by_streamlit.py,distrib/UXsim/demos_and_examples/example_27jp_interactive_simulation_by_streamlit.py,example_27jp_interactive_simulation_by_streamlit,fig1
example_27jp_interactive_simulation_by_streamlit.py,distrib/UXsim/demos_and_examples/example_27jp_interactive_simulation_by_streamlit.py,example_27jp_interactive_simulation_by_streamlit,demand_flow
example_27jp_interactive_simulation_by_streamlit.py,distrib/UXsim/demos_and_examples/example_27jp_interactive_simulation_by_streamlit.py,example_27jp_interactive_simulation_by_streamlit,green_split
example_27jp_interactive_simulation_by_streamlit.py,distrib/UXsim/demos_and_examples/example_27jp_interactive_simulation_by_streamlit.py,example_27jp_interactive_simulation_by_streamlit,o3
example_27jp_interactive_simulation_by_streamlit.py,distrib/UXsim/demos_and_examples/example_27jp_interactive_simulation_by_streamlit.py,example_27jp_interactive_simulation_by_streamlit,o2
example_27jp_interactive_simulation_by_streamlit.py,distrib/UXsim/demos_and_examples/example_27jp_interactive_simulation_by_streamlit.py,example_27jp_interactive_simulation_by_streamlit,o1
example_27jp_interactive_simulation_by_streamlit.py,distrib/UXsim/demos_and_examples/example_27jp_interactive_simulation_by_streamlit.py,example_27jp_interactive_simulation_by_streamlit,sim
example_27jp_interactive_simulation_by_streamlit.py,distrib/UXsim/demos_and_examples/example_27jp_interactive_simulation_by_streamlit.py,example_27jp_interactive_simulation_by_streamlit,stats
example_27jp_interactive_simulation_by_streamlit.py,distrib/UXsim/demos_and_examples/example_27jp_interactive_simulation_by_streamlit.py,example_27jp_interactive_simulation_by_streamlit,fig2
example_14en_multiple_signals_Deep_Reinforcement_Learning_pytorch.py,distrib/UXsim/demos_and_examples/example_14en_multiple_signals_Deep_Reinforcement_Learning_pytorch.py,example_14en_multiple_signals_Deep_Reinforcement_Learning_pytorch,os.environ
example_14en_multiple_signals_Deep_Reinforcement_Learning_pytorch.py,distrib/UXsim/demos_and_examples/example_14en_multiple_signals_Deep_Reinforcement_Learning_pytorch.py,example_14en_multiple_signals_Deep_Reinforcement_Learning_pytorch,device
example_14en_multiple_signals_Deep_Reinforcement_Learning_pytorch.py,distrib/UXsim/demos_and_examples/example_14en_multiple_signals_Deep_Reinforcement_Learning_pytorch.py,example_14en_multiple_signals_Deep_Reinforcement_Learning_pytorch,env
example_14en_multiple_signals_Deep_Reinforcement_Learning_pytorch.py,distrib/UXsim/demos_and_examples/example_14en_multiple_signals_Deep_Reinforcement_Learning_pytorch.py,example_14en_multiple_signals_Deep_Reinforcement_Learning_pytorch,Transition
example_14en_multiple_signals_Deep_Reinforcement_Learning_pytorch.py,distrib/UXsim/demos_and_examples/example_14en_multiple_signals_Deep_Reinforcement_Learning_pytorch.py,example_14en_multiple_signals_Deep_Reinforcement_Learning_pytorch,BATCH_SIZE
example_14en_multiple_signals_Deep_Reinforcement_Learning_pytorch.py,distrib/UXsim/demos_and_examples/example_14en_multiple_signals_Deep_Reinforcement_Learning_pytorch.py,example_14en_multiple_signals_Deep_Reinforcement_Learning_pytorch,GAMMA
example_14en_multiple_signals_Deep_Reinforcement_Learning_pytorch.py,distrib/UXsim/demos_and_examples/example_14en_multiple_signals_Deep_Reinforcement_Learning_pytorch.py,example_14en_multiple_signals_Deep_Reinforcement_Learning_pytorch,EPS_START
example_14en_multiple_signals_Deep_Reinforcement_Learning_pytorch.py,distrib/UXsim/demos_and_examples/example_14en_multiple_signals_Deep_Reinforcement_Learning_pytorch.py,example_14en_multiple_signals_Deep_Reinforcement_Learning_pytorch,EPS_END
example_14en_multiple_signals_Deep_Reinforcement_Learning_pytorch.py,distrib/UXsim/demos_and_examples/example_14en_multiple_signals_Deep_Reinforcement_Learning_pytorch.py,example_14en_multiple_signals_Deep_Reinforcement_Learning_pytorch,EPS_DECAY
example_14en_multiple_signals_Deep_Reinforcement_Learning_pytorch.py,distrib/UXsim/demos_and_examples/example_14en_multiple_signals_Deep_Reinforcement_Learning_pytorch.py,example_14en_multiple_signals_Deep_Reinforcement_Learning_pytorch,TAU
example_14en_multiple_signals_Deep_Reinforcement_Learning_pytorch.py,distrib/UXsim/demos_and_examples/example_14en_multiple_signals_Deep_Reinforcement_Learning_pytorch.py,example_14en_multiple_signals_Deep_Reinforcement_Learning_pytorch,LR
example_14en_multiple_signals_Deep_Reinforcement_Learning_pytorch.py,distrib/UXsim/demos_and_examples/example_14en_multiple_signals_Deep_Reinforcement_Learning_pytorch.py,example_14en_multiple_signals_Deep_Reinforcement_Learning_pytorch,n_actions
example_14en_multiple_signals_Deep_Reinforcement_Learning_pytorch.py,distrib/UXsim/demos_and_examples/example_14en_multiple_signals_Deep_Reinforcement_Learning_pytorch.py,example_14en_multiple_signals_Deep_Reinforcement_Learning_pytorch,state
example_14en_multiple_signals_Deep_Reinforcement_Learning_pytorch.py,distrib/UXsim/demos_and_examples/example_14en_multiple_signals_Deep_Reinforcement_Learning_pytorch.py,example_14en_multiple_signals_Deep_Reinforcement_Learning_pytorch,info
example_14en_multiple_signals_Deep_Reinforcement_Learning_pytorch.py,distrib/UXsim/demos_and_examples/example_14en_multiple_signals_Deep_Reinforcement_Learning_pytorch.py,example_14en_multiple_signals_Deep_Reinforcement_Learning_pytorch,n_observations
example_14en_multiple_signals_Deep_Reinforcement_Learning_pytorch.py,distrib/UXsim/demos_and_examples/example_14en_multiple_signals_Deep_Reinforcement_Learning_pytorch.py,example_14en_multiple_signals_Deep_Reinforcement_Learning_pytorch,policy_net
example_14en_multiple_signals_Deep_Reinforcement_Learning_pytorch.py,distrib/UXsim/demos_and_examples/example_14en_multiple_signals_Deep_Reinforcement_Learning_pytorch.py,example_14en_multiple_signals_Deep_Reinforcement_Learning_pytorch,target_net
example_14en_multiple_signals_Deep_Reinforcement_Learning_pytorch.py,distrib/UXsim/demos_and_examples/example_14en_multiple_signals_Deep_Reinforcement_Learning_pytorch.py,example_14en_multiple_signals_Deep_Reinforcement_Learning_pytorch,optimizer
example_14en_multiple_signals_Deep_Reinforcement_Learning_pytorch.py,distrib/UXsim/demos_and_examples/example_14en_multiple_signals_Deep_Reinforcement_Learning_pytorch.py,example_14en_multiple_signals_Deep_Reinforcement_Learning_pytorch,memory
example_14en_multiple_signals_Deep_Reinforcement_Learning_pytorch.py,distrib/UXsim/demos_and_examples/example_14en_multiple_signals_Deep_Reinforcement_Learning_pytorch.py,example_14en_multiple_signals_Deep_Reinforcement_Learning_pytorch,steps_done
example_14en_multiple_signals_Deep_Reinforcement_Learning_pytorch.py,distrib/UXsim/demos_and_examples/example_14en_multiple_signals_Deep_Reinforcement_Learning_pytorch.py,example_14en_multiple_signals_Deep_Reinforcement_Learning_pytorch,num_episodes
example_14en_multiple_signals_Deep_Reinforcement_Learning_pytorch.py,distrib/UXsim/demos_and_examples/example_14en_multiple_signals_Deep_Reinforcement_Learning_pytorch.py,example_14en_multiple_signals_Deep_Reinforcement_Learning_pytorch,log_states
example_14en_multiple_signals_Deep_Reinforcement_Learning_pytorch.py,distrib/UXsim/demos_and_examples/example_14en_multiple_signals_Deep_Reinforcement_Learning_pytorch.py,example_14en_multiple_signals_Deep_Reinforcement_Learning_pytorch,log_epi_average_delay
example_14en_multiple_signals_Deep_Reinforcement_Learning_pytorch.py,distrib/UXsim/demos_and_examples/example_14en_multiple_signals_Deep_Reinforcement_Learning_pytorch.py,example_14en_multiple_signals_Deep_Reinforcement_Learning_pytorch,best_average_delay
example_14en_multiple_signals_Deep_Reinforcement_Learning_pytorch.py,distrib/UXsim/demos_and_examples/example_14en_multiple_signals_Deep_Reinforcement_Learning_pytorch.py,example_14en_multiple_signals_Deep_Reinforcement_Learning_pytorch,best_W
example_14en_multiple_signals_Deep_Reinforcement_Learning_pytorch.py,distrib/UXsim/demos_and_examples/example_14en_multiple_signals_Deep_Reinforcement_Learning_pytorch.py,example_14en_multiple_signals_Deep_Reinforcement_Learning_pytorch,best_i_episode
example_13en_multiple_signals.py,distrib/UXsim/demos_and_examples/example_13en_multiple_signals.py,example_13en_multiple_signals,seed
example_13en_multiple_signals.py,distrib/UXsim/demos_and_examples/example_13en_multiple_signals.py,example_13en_multiple_signals,W
example_13en_multiple_signals.py,distrib/UXsim/demos_and_examples/example_13en_multiple_signals.py,example_13en_multiple_signals,I1
example_13en_multiple_signals.py,distrib/UXsim/demos_and_examples/example_13en_multiple_signals.py,example_13en_multiple_signals,I2
example_13en_multiple_signals.py,distrib/UXsim/demos_and_examples/example_13en_multiple_signals.py,example_13en_multiple_signals,I3
example_13en_multiple_signals.py,distrib/UXsim/demos_and_examples/example_13en_multiple_signals.py,example_13en_multiple_signals,I4
example_13en_multiple_signals.py,distrib/UXsim/demos_and_examples/example_13en_multiple_signals.py,example_13en_multiple_signals,W1
example_13en_multiple_signals.py,distrib/UXsim/demos_and_examples/example_13en_multiple_signals.py,example_13en_multiple_signals,W2
example_13en_multiple_signals.py,distrib/UXsim/demos_and_examples/example_13en_multiple_signals.py,example_13en_multiple_signals,E1
example_13en_multiple_signals.py,distrib/UXsim/demos_and_examples/example_13en_multiple_signals.py,example_13en_multiple_signals,E2
example_13en_multiple_signals.py,distrib/UXsim/demos_and_examples/example_13en_multiple_signals.py,example_13en_multiple_signals,N1
example_13en_multiple_signals.py,distrib/UXsim/demos_and_examples/example_13en_multiple_signals.py,example_13en_multiple_signals,N2
example_13en_multiple_signals.py,distrib/UXsim/demos_and_examples/example_13en_multiple_signals.py,example_13en_multiple_signals,S1
example_13en_multiple_signals.py,distrib/UXsim/demos_and_examples/example_13en_multiple_signals.py,example_13en_multiple_signals,S2
example_13en_multiple_signals.py,distrib/UXsim/demos_and_examples/example_13en_multiple_signals.py,example_13en_multiple_signals,dt
example_13en_multiple_signals.py,distrib/UXsim/demos_and_examples/example_13en_multiple_signals.py,example_13en_multiple_signals,demand
example_11en_signal_4legged_intersection_reactive_control.py,distrib/UXsim/demos_and_examples/example_11en_signal_4legged_intersection_reactive_control.py,example_11en_signal_4legged_intersection_reactive_control,seed
example_11en_signal_4legged_intersection_reactive_control.py,distrib/UXsim/demos_and_examples/example_11en_signal_4legged_intersection_reactive_control.py,example_11en_signal_4legged_intersection_reactive_control,W
example_11en_signal_4legged_intersection_reactive_control.py,distrib/UXsim/demos_and_examples/example_11en_signal_4legged_intersection_reactive_control.py,example_11en_signal_4legged_intersection_reactive_control,II
example_11en_signal_4legged_intersection_reactive_control.py,distrib/UXsim/demos_and_examples/example_11en_signal_4legged_intersection_reactive_control.py,example_11en_signal_4legged_intersection_reactive_control,EE
example_11en_signal_4legged_intersection_reactive_control.py,distrib/UXsim/demos_and_examples/example_11en_signal_4legged_intersection_reactive_control.py,example_11en_signal_4legged_intersection_reactive_control,WW
example_11en_signal_4legged_intersection_reactive_control.py,distrib/UXsim/demos_and_examples/example_11en_signal_4legged_intersection_reactive_control.py,example_11en_signal_4legged_intersection_reactive_control,SS
example_11en_signal_4legged_intersection_reactive_control.py,distrib/UXsim/demos_and_examples/example_11en_signal_4legged_intersection_reactive_control.py,example_11en_signal_4legged_intersection_reactive_control,NN
example_11en_signal_4legged_intersection_reactive_control.py,distrib/UXsim/demos_and_examples/example_11en_signal_4legged_intersection_reactive_control.py,example_11en_signal_4legged_intersection_reactive_control,dt
example_07en_signal.py,distrib/UXsim/demos_and_examples/example_07en_signal.py,example_07en_signal,W
example_03en_data_loading_sioux_falls_network.py,distrib/UXsim/demos_and_examples/example_03en_data_loading_sioux_falls_network.py,example_03en_data_loading_sioux_falls_network,W
example_04en_automatic_network_generation.py,distrib/UXsim/demos_and_examples/example_04en_automatic_network_generation.py,example_04en_automatic_network_generation,W
example_04en_automatic_network_generation.py,distrib/UXsim/demos_and_examples/example_04en_automatic_network_generation.py,example_04en_automatic_network_generation,imax
example_04en_automatic_network_generation.py,distrib/UXsim/demos_and_examples/example_04en_automatic_network_generation.py,example_04en_automatic_network_generation,jmax
example_04en_automatic_network_generation.py,distrib/UXsim/demos_and_examples/example_04en_automatic_network_generation.py,example_04en_automatic_network_generation,nodes
example_04en_automatic_network_generation.py,distrib/UXsim/demos_and_examples/example_04en_automatic_network_generation.py,example_04en_automatic_network_generation,links
example_04en_automatic_network_generation.py,distrib/UXsim/demos_and_examples/example_04en_automatic_network_generation.py,example_04en_automatic_network_generation,demand_flow
example_04en_automatic_network_generation.py,distrib/UXsim/demos_and_examples/example_04en_automatic_network_generation.py,example_04en_automatic_network_generation,demand_duration
example_12en_signal_4legged_intersection_Deep_Reinforcement_Learning_pytorch_control.py,distrib/UXsim/demos_and_examples/example_12en_signal_4legged_intersection_Deep_Reinforcement_Learning_pytorch_control.py,example_12en_signal_4legged_intersection_Deep_Reinforcement_Learning_pytorch_control,os.environ
example_12en_signal_4legged_intersection_Deep_Reinforcement_Learning_pytorch_control.py,distrib/UXsim/demos_and_examples/example_12en_signal_4legged_intersection_Deep_Reinforcement_Learning_pytorch_control.py,example_12en_signal_4legged_intersection_Deep_Reinforcement_Learning_pytorch_control,device
example_12en_signal_4legged_intersection_Deep_Reinforcement_Learning_pytorch_control.py,distrib/UXsim/demos_and_examples/example_12en_signal_4legged_intersection_Deep_Reinforcement_Learning_pytorch_control.py,example_12en_signal_4legged_intersection_Deep_Reinforcement_Learning_pytorch_control,env
example_12en_signal_4legged_intersection_Deep_Reinforcement_Learning_pytorch_control.py,distrib/UXsim/demos_and_examples/example_12en_signal_4legged_intersection_Deep_Reinforcement_Learning_pytorch_control.py,example_12en_signal_4legged_intersection_Deep_Reinforcement_Learning_pytorch_control,Transition
example_12en_signal_4legged_intersection_Deep_Reinforcement_Learning_pytorch_control.py,distrib/UXsim/demos_and_examples/example_12en_signal_4legged_intersection_Deep_Reinforcement_Learning_pytorch_control.py,example_12en_signal_4legged_intersection_Deep_Reinforcement_Learning_pytorch_control,BATCH_SIZE
example_12en_signal_4legged_intersection_Deep_Reinforcement_Learning_pytorch_control.py,distrib/UXsim/demos_and_examples/example_12en_signal_4legged_intersection_Deep_Reinforcement_Learning_pytorch_control.py,example_12en_signal_4legged_intersection_Deep_Reinforcement_Learning_pytorch_control,GAMMA
example_12en_signal_4legged_intersection_Deep_Reinforcement_Learning_pytorch_control.py,distrib/UXsim/demos_and_examples/example_12en_signal_4legged_intersection_Deep_Reinforcement_Learning_pytorch_control.py,example_12en_signal_4legged_intersection_Deep_Reinforcement_Learning_pytorch_control,EPS_START
example_12en_signal_4legged_intersection_Deep_Reinforcement_Learning_pytorch_control.py,distrib/UXsim/demos_and_examples/example_12en_signal_4legged_intersection_Deep_Reinforcement_Learning_pytorch_control.py,example_12en_signal_4legged_intersection_Deep_Reinforcement_Learning_pytorch_control,EPS_END
example_12en_signal_4legged_intersection_Deep_Reinforcement_Learning_pytorch_control.py,distrib/UXsim/demos_and_examples/example_12en_signal_4legged_intersection_Deep_Reinforcement_Learning_pytorch_control.py,example_12en_signal_4legged_intersection_Deep_Reinforcement_Learning_pytorch_control,EPS_DECAY
example_12en_signal_4legged_intersection_Deep_Reinforcement_Learning_pytorch_control.py,distrib/UXsim/demos_and_examples/example_12en_signal_4legged_intersection_Deep_Reinforcement_Learning_pytorch_control.py,example_12en_signal_4legged_intersection_Deep_Reinforcement_Learning_pytorch_control,TAU
example_12en_signal_4legged_intersection_Deep_Reinforcement_Learning_pytorch_control.py,distrib/UXsim/demos_and_examples/example_12en_signal_4legged_intersection_Deep_Reinforcement_Learning_pytorch_control.py,example_12en_signal_4legged_intersection_Deep_Reinforcement_Learning_pytorch_control,LR
example_12en_signal_4legged_intersection_Deep_Reinforcement_Learning_pytorch_control.py,distrib/UXsim/demos_and_examples/example_12en_signal_4legged_intersection_Deep_Reinforcement_Learning_pytorch_control.py,example_12en_signal_4legged_intersection_Deep_Reinforcement_Learning_pytorch_control,n_actions
example_12en_signal_4legged_intersection_Deep_Reinforcement_Learning_pytorch_control.py,distrib/UXsim/demos_and_examples/example_12en_signal_4legged_intersection_Deep_Reinforcement_Learning_pytorch_control.py,example_12en_signal_4legged_intersection_Deep_Reinforcement_Learning_pytorch_control,state
example_12en_signal_4legged_intersection_Deep_Reinforcement_Learning_pytorch_control.py,distrib/UXsim/demos_and_examples/example_12en_signal_4legged_intersection_Deep_Reinforcement_Learning_pytorch_control.py,example_12en_signal_4legged_intersection_Deep_Reinforcement_Learning_pytorch_control,info
example_12en_signal_4legged_intersection_Deep_Reinforcement_Learning_pytorch_control.py,distrib/UXsim/demos_and_examples/example_12en_signal_4legged_intersection_Deep_Reinforcement_Learning_pytorch_control.py,example_12en_signal_4legged_intersection_Deep_Reinforcement_Learning_pytorch_control,n_observations
example_12en_signal_4legged_intersection_Deep_Reinforcement_Learning_pytorch_control.py,distrib/UXsim/demos_and_examples/example_12en_signal_4legged_intersection_Deep_Reinforcement_Learning_pytorch_control.py,example_12en_signal_4legged_intersection_Deep_Reinforcement_Learning_pytorch_control,policy_net
example_12en_signal_4legged_intersection_Deep_Reinforcement_Learning_pytorch_control.py,distrib/UXsim/demos_and_examples/example_12en_signal_4legged_intersection_Deep_Reinforcement_Learning_pytorch_control.py,example_12en_signal_4legged_intersection_Deep_Reinforcement_Learning_pytorch_control,target_net
example_12en_signal_4legged_intersection_Deep_Reinforcement_Learning_pytorch_control.py,distrib/UXsim/demos_and_examples/example_12en_signal_4legged_intersection_Deep_Reinforcement_Learning_pytorch_control.py,example_12en_signal_4legged_intersection_Deep_Reinforcement_Learning_pytorch_control,optimizer
example_12en_signal_4legged_intersection_Deep_Reinforcement_Learning_pytorch_control.py,distrib/UXsim/demos_and_examples/example_12en_signal_4legged_intersection_Deep_Reinforcement_Learning_pytorch_control.py,example_12en_signal_4legged_intersection_Deep_Reinforcement_Learning_pytorch_control,memory
example_12en_signal_4legged_intersection_Deep_Reinforcement_Learning_pytorch_control.py,distrib/UXsim/demos_and_examples/example_12en_signal_4legged_intersection_Deep_Reinforcement_Learning_pytorch_control.py,example_12en_signal_4legged_intersection_Deep_Reinforcement_Learning_pytorch_control,steps_done
example_12en_signal_4legged_intersection_Deep_Reinforcement_Learning_pytorch_control.py,distrib/UXsim/demos_and_examples/example_12en_signal_4legged_intersection_Deep_Reinforcement_Learning_pytorch_control.py,example_12en_signal_4legged_intersection_Deep_Reinforcement_Learning_pytorch_control,num_episodes
example_12en_signal_4legged_intersection_Deep_Reinforcement_Learning_pytorch_control.py,distrib/UXsim/demos_and_examples/example_12en_signal_4legged_intersection_Deep_Reinforcement_Learning_pytorch_control.py,example_12en_signal_4legged_intersection_Deep_Reinforcement_Learning_pytorch_control,log_states
example_12en_signal_4legged_intersection_Deep_Reinforcement_Learning_pytorch_control.py,distrib/UXsim/demos_and_examples/example_12en_signal_4legged_intersection_Deep_Reinforcement_Learning_pytorch_control.py,example_12en_signal_4legged_intersection_Deep_Reinforcement_Learning_pytorch_control,log_epi_average_delay
example_07jp_signal.py,distrib/UXsim/demos_and_examples/example_07jp_signal.py,example_07jp_signal,W
example_19en_multilane_link.py,distrib/UXsim/demos_and_examples/example_19en_multilane_link.py,example_19en_multilane_link,W
example_19en_multilane_link.py,distrib/UXsim/demos_and_examples/example_19en_multilane_link.py,example_19en_multilane_link,link1
example_19en_multilane_link.py,distrib/UXsim/demos_and_examples/example_19en_multilane_link.py,example_19en_multilane_link,link2
example_19en_multilane_link.py,distrib/UXsim/demos_and_examples/example_19en_multilane_link.py,example_19en_multilane_link,df
example_01jp_basic.py,distrib/UXsim/demos_and_examples/example_01jp_basic.py,example_01jp_basic,W
example_01jp_basic.py,distrib/UXsim/demos_and_examples/example_01jp_basic.py,example_01jp_basic,node_orig2
example_01jp_basic.py,distrib/UXsim/demos_and_examples/example_01jp_basic.py,example_01jp_basic,link3
example_03jp_data_loading_sioux_falls_network.py,distrib/UXsim/demos_and_examples/example_03jp_data_loading_sioux_falls_network.py,example_03jp_data_loading_sioux_falls_network,W
example_08jp_signal_reactive_control.py,distrib/UXsim/demos_and_examples/example_08jp_signal_reactive_control.py,example_08jp_signal_reactive_control,W
example_08jp_signal_reactive_control.py,distrib/UXsim/demos_and_examples/example_08jp_signal_reactive_control.py,example_08jp_signal_reactive_control,node_signal
example_26en_dynamic_traffic_assignment_DUO_DUE_DSO.py,distrib/UXsim/demos_and_examples/example_26en_dynamic_traffic_assignment_DUO_DUE_DSO.py,example_26en_dynamic_traffic_assignment_DUO_DUE_DSO,W
example_26en_dynamic_traffic_assignment_DUO_DUE_DSO.py,distrib/UXsim/demos_and_examples/example_26en_dynamic_traffic_assignment_DUO_DUE_DSO.py,example_26en_dynamic_traffic_assignment_DUO_DUE_DSO,df_DUO
example_26en_dynamic_traffic_assignment_DUO_DUE_DSO.py,distrib/UXsim/demos_and_examples/example_26en_dynamic_traffic_assignment_DUO_DUE_DSO.py,example_26en_dynamic_traffic_assignment_DUO_DUE_DSO,solver_DUE
example_26en_dynamic_traffic_assignment_DUO_DUE_DSO.py,distrib/UXsim/demos_and_examples/example_26en_dynamic_traffic_assignment_DUO_DUE_DSO.py,example_26en_dynamic_traffic_assignment_DUO_DUE_DSO,W_DUE
example_26en_dynamic_traffic_assignment_DUO_DUE_DSO.py,distrib/UXsim/demos_and_examples/example_26en_dynamic_traffic_assignment_DUO_DUE_DSO.py,example_26en_dynamic_traffic_assignment_DUO_DUE_DSO,df_DUE
example_26en_dynamic_traffic_assignment_DUO_DUE_DSO.py,distrib/UXsim/demos_and_examples/example_26en_dynamic_traffic_assignment_DUO_DUE_DSO.py,example_26en_dynamic_traffic_assignment_DUO_DUE_DSO,solver_DSO
example_26en_dynamic_traffic_assignment_DUO_DUE_DSO.py,distrib/UXsim/demos_and_examples/example_26en_dynamic_traffic_assignment_DUO_DUE_DSO.py,example_26en_dynamic_traffic_assignment_DUO_DUE_DSO,W_DSO
example_26en_dynamic_traffic_assignment_DUO_DUE_DSO.py,distrib/UXsim/demos_and_examples/example_26en_dynamic_traffic_assignment_DUO_DUE_DSO.py,example_26en_dynamic_traffic_assignment_DUO_DUE_DSO,df_DSO
example_06jp_dynamic_parameter_change.py,distrib/UXsim/demos_and_examples/example_06jp_dynamic_parameter_change.py,example_06jp_dynamic_parameter_change,W
example_06jp_dynamic_parameter_change.py,distrib/UXsim/demos_and_examples/example_06jp_dynamic_parameter_change.py,example_06jp_dynamic_parameter_change,link1
example_06jp_dynamic_parameter_change.py,distrib/UXsim/demos_and_examples/example_06jp_dynamic_parameter_change.py,example_06jp_dynamic_parameter_change,link2
example_06jp_dynamic_parameter_change.py,distrib/UXsim/demos_and_examples/example_06jp_dynamic_parameter_change.py,example_06jp_dynamic_parameter_change,link3
example_16en_import_from_OpenStreetMap.py,distrib/UXsim/demos_and_examples/example_16en_import_from_OpenStreetMap.py,example_16en_import_from_OpenStreetMap,W
example_16en_import_from_OpenStreetMap.py,distrib/UXsim/demos_and_examples/example_16en_import_from_OpenStreetMap.py,example_16en_import_from_OpenStreetMap,nodes
example_16en_import_from_OpenStreetMap.py,distrib/UXsim/demos_and_examples/example_16en_import_from_OpenStreetMap.py,example_16en_import_from_OpenStreetMap,links
example_16en_import_from_OpenStreetMap.py,distrib/UXsim/demos_and_examples/example_16en_import_from_OpenStreetMap.py,example_16en_import_from_OpenStreetMap,nodes
example_16en_import_from_OpenStreetMap.py,distrib/UXsim/demos_and_examples/example_16en_import_from_OpenStreetMap.py,example_16en_import_from_OpenStreetMap,links
example_01en_basic.py,distrib/UXsim/demos_and_examples/example_01en_basic.py,example_01en_basic,W
example_01en_basic.py,distrib/UXsim/demos_and_examples/example_01en_basic.py,example_01en_basic,node_orig2
example_01en_basic.py,distrib/UXsim/demos_and_examples/example_01en_basic.py,example_01en_basic,link3
example_06en_dynamic_parameter_change.py,distrib/UXsim/demos_and_examples/example_06en_dynamic_parameter_change.py,example_06en_dynamic_parameter_change,W
example_06en_dynamic_parameter_change.py,distrib/UXsim/demos_and_examples/example_06en_dynamic_parameter_change.py,example_06en_dynamic_parameter_change,link1
example_06en_dynamic_parameter_change.py,distrib/UXsim/demos_and_examples/example_06en_dynamic_parameter_change.py,example_06en_dynamic_parameter_change,link2
example_06en_dynamic_parameter_change.py,distrib/UXsim/demos_and_examples/example_06en_dynamic_parameter_change.py,example_06en_dynamic_parameter_change,link3
example_05en_gridlock_and_prevention.py,distrib/UXsim/demos_and_examples/example_05en_gridlock_and_prevention.py,example_05en_gridlock_and_prevention,W
example_05en_gridlock_and_prevention.py,distrib/UXsim/demos_and_examples/example_05en_gridlock_and_prevention.py,example_05en_gridlock_and_prevention,W
example_05en_gridlock_and_prevention.py,distrib/UXsim/demos_and_examples/example_05en_gridlock_and_prevention.py,example_05en_gridlock_and_prevention,W.get_link.merge_priority
example_05en_gridlock_and_prevention.py,distrib/UXsim/demos_and_examples/example_05en_gridlock_and_prevention.py,example_05en_gridlock_and_prevention,W.get_link.merge_priority
example_08en_signal_reactive_control.py,distrib/UXsim/demos_and_examples/example_08en_signal_reactive_control.py,example_08en_signal_reactive_control,W
example_08en_signal_reactive_control.py,distrib/UXsim/demos_and_examples/example_08en_signal_reactive_control.py,example_08en_signal_reactive_control,node_signal
example_20en_taxi_or_shared_mobility.py,distrib/UXsim/demos_and_examples/example_20en_taxi_or_shared_mobility.py,example_20en_taxi_or_shared_mobility,tmax
example_20en_taxi_or_shared_mobility.py,distrib/UXsim/demos_and_examples/example_20en_taxi_or_shared_mobility.py,example_20en_taxi_or_shared_mobility,deltan
example_20en_taxi_or_shared_mobility.py,distrib/UXsim/demos_and_examples/example_20en_taxi_or_shared_mobility.py,example_20en_taxi_or_shared_mobility,W
example_20en_taxi_or_shared_mobility.py,distrib/UXsim/demos_and_examples/example_20en_taxi_or_shared_mobility.py,example_20en_taxi_or_shared_mobility,imax
example_20en_taxi_or_shared_mobility.py,distrib/UXsim/demos_and_examples/example_20en_taxi_or_shared_mobility.py,example_20en_taxi_or_shared_mobility,jmax
example_20en_taxi_or_shared_mobility.py,distrib/UXsim/demos_and_examples/example_20en_taxi_or_shared_mobility.py,example_20en_taxi_or_shared_mobility,nodes
example_20en_taxi_or_shared_mobility.py,distrib/UXsim/demos_and_examples/example_20en_taxi_or_shared_mobility.py,example_20en_taxi_or_shared_mobility,links
example_20en_taxi_or_shared_mobility.py,distrib/UXsim/demos_and_examples/example_20en_taxi_or_shared_mobility.py,example_20en_taxi_or_shared_mobility,n_passengers
example_20en_taxi_or_shared_mobility.py,distrib/UXsim/demos_and_examples/example_20en_taxi_or_shared_mobility.py,example_20en_taxi_or_shared_mobility,n_taxis
example_20en_taxi_or_shared_mobility.py,distrib/UXsim/demos_and_examples/example_20en_taxi_or_shared_mobility.py,example_20en_taxi_or_shared_mobility,Handler
example_17en_result_GUI_viewer_sioux_falls.py,distrib/UXsim/demos_and_examples/example_17en_result_GUI_viewer_sioux_falls.py,example_17en_result_GUI_viewer_sioux_falls,W
example_05jp_gridlock_and_prevention.py,distrib/UXsim/demos_and_examples/example_05jp_gridlock_and_prevention.py,example_05jp_gridlock_and_prevention,W
example_05jp_gridlock_and_prevention.py,distrib/UXsim/demos_and_examples/example_05jp_gridlock_and_prevention.py,example_05jp_gridlock_and_prevention,W
example_05jp_gridlock_and_prevention.py,distrib/UXsim/demos_and_examples/example_05jp_gridlock_and_prevention.py,example_05jp_gridlock_and_prevention,W.get_link.merge_priority
example_05jp_gridlock_and_prevention.py,distrib/UXsim/demos_and_examples/example_05jp_gridlock_and_prevention.py,example_05jp_gridlock_and_prevention,W.get_link.merge_priority
test_examples.py,distrib/UXsim/tests/test_examples.py,test_examples,examples_dir
test_examples.py,distrib/UXsim/tests/test_examples.py,test_examples,nontest_files
example_04jp_automatic_network_generation.py,distrib/UXsim/demos_and_examples/example_04jp_automatic_network_generation.py,example_04jp_automatic_network_generation,W
example_04jp_automatic_network_generation.py,distrib/UXsim/demos_and_examples/example_04jp_automatic_network_generation.py,example_04jp_automatic_network_generation,imax
example_04jp_automatic_network_generation.py,distrib/UXsim/demos_and_examples/example_04jp_automatic_network_generation.py,example_04jp_automatic_network_generation,jmax
example_04jp_automatic_network_generation.py,distrib/UXsim/demos_and_examples/example_04jp_automatic_network_generation.py,example_04jp_automatic_network_generation,nodes
example_04jp_automatic_network_generation.py,distrib/UXsim/demos_and_examples/example_04jp_automatic_network_generation.py,example_04jp_automatic_network_generation,links
example_04jp_automatic_network_generation.py,distrib/UXsim/demos_and_examples/example_04jp_automatic_network_generation.py,example_04jp_automatic_network_generation,demand_flow
example_04jp_automatic_network_generation.py,distrib/UXsim/demos_and_examples/example_04jp_automatic_network_generation.py,example_04jp_automatic_network_generation,demand_duration
example_24en_user_defined_functions.py,distrib/UXsim/demos_and_examples/example_24en_user_defined_functions.py,example_24en_user_defined_functions,W
example_24en_user_defined_functions.py,distrib/UXsim/demos_and_examples/example_24en_user_defined_functions.py,example_24en_user_defined_functions,W.VEHICLES.W.VEHICLES.user_attribute
example_24en_user_defined_functions.py,distrib/UXsim/demos_and_examples/example_24en_user_defined_functions.py,example_24en_user_defined_functions,W.VEHICLES.W.VEHICLES.user_function
example_24en_user_defined_functions.py,distrib/UXsim/demos_and_examples/example_24en_user_defined_functions.py,example_24en_user_defined_functions,W.VEHICLES.W.VEHICLES.user_attribute
example_24en_user_defined_functions.py,distrib/UXsim/demos_and_examples/example_24en_user_defined_functions.py,example_24en_user_defined_functions,W.VEHICLES.W.VEHICLES.user_function
example_24en_user_defined_functions.py,distrib/UXsim/demos_and_examples/example_24en_user_defined_functions.py,example_24en_user_defined_functions,link1
example_18en_result_GUI_viewer_grid.py,distrib/UXsim/demos_and_examples/example_18en_result_GUI_viewer_grid.py,example_18en_result_GUI_viewer_grid,W
example_18en_result_GUI_viewer_grid.py,distrib/UXsim/demos_and_examples/example_18en_result_GUI_viewer_grid.py,example_18en_result_GUI_viewer_grid,imax
example_18en_result_GUI_viewer_grid.py,distrib/UXsim/demos_and_examples/example_18en_result_GUI_viewer_grid.py,example_18en_result_GUI_viewer_grid,jmax
example_18en_result_GUI_viewer_grid.py,distrib/UXsim/demos_and_examples/example_18en_result_GUI_viewer_grid.py,example_18en_result_GUI_viewer_grid,nodes
example_18en_result_GUI_viewer_grid.py,distrib/UXsim/demos_and_examples/example_18en_result_GUI_viewer_grid.py,example_18en_result_GUI_viewer_grid,links
example_18en_result_GUI_viewer_grid.py,distrib/UXsim/demos_and_examples/example_18en_result_GUI_viewer_grid.py,example_18en_result_GUI_viewer_grid,demand_flow
example_18en_result_GUI_viewer_grid.py,distrib/UXsim/demos_and_examples/example_18en_result_GUI_viewer_grid.py,example_18en_result_GUI_viewer_grid,demand_duration
example_02jp_bottleneck.py,distrib/UXsim/demos_and_examples/example_02jp_bottleneck.py,example_02jp_bottleneck,W
example_23en_huge_scale_simlation_at_Chicago.py,distrib/UXsim/demos_and_examples/example_23en_huge_scale_simlation_at_Chicago.py,example_23en_huge_scale_simlation_at_Chicago,W
example_02en_bottleneck.py,distrib/UXsim/demos_and_examples/example_02en_bottleneck.py,example_02en_bottleneck,W
__init__.py,distrib/UXsim/uxsim/__init__.py,uxsim.__init__,__version__
__init__.py,distrib/UXsim/uxsim/__init__.py,uxsim.__init__,__author__
__init__.py,distrib/UXsim/uxsim/__init__.py,uxsim.__init__,__copyright__
__init__.py,distrib/UXsim/uxsim/__init__.py,uxsim.__init__,__license__
example_15jp_4phase_signal_japanese_style.py,distrib/UXsim/demos_and_examples/example_15jp_4phase_signal_japanese_style.py,example_15jp_4phase_signal_japanese_style,W
example_15jp_4phase_signal_japanese_style.py,distrib/UXsim/demos_and_examples/example_15jp_4phase_signal_japanese_style.py,example_15jp_4phase_signal_japanese_style,signal_phase_setting
example_15jp_4phase_signal_japanese_style.py,distrib/UXsim/demos_and_examples/example_15jp_4phase_signal_japanese_style.py,example_15jp_4phase_signal_japanese_style,demand_s
example_15jp_4phase_signal_japanese_style.py,distrib/UXsim/demos_and_examples/example_15jp_4phase_signal_japanese_style.py,example_15jp_4phase_signal_japanese_style,demand_l
example_15jp_4phase_signal_japanese_style.py,distrib/UXsim/demos_and_examples/example_15jp_4phase_signal_japanese_style.py,example_15jp_4phase_signal_japanese_style,demand_r
example_15jp_4phase_signal_japanese_style.py,distrib/UXsim/demos_and_examples/example_15jp_4phase_signal_japanese_style.py,example_15jp_4phase_signal_japanese_style,duration
example_00en_simple.py,distrib/UXsim/demos_and_examples/example_00en_simple.py,example_00en_simple,W
example_09en_congestion_pricing_highway_toll.py,distrib/UXsim/demos_and_examples/example_09en_congestion_pricing_highway_toll.py,example_09en_congestion_pricing_highway_toll,W
example_09en_congestion_pricing_highway_toll.py,distrib/UXsim/demos_and_examples/example_09en_congestion_pricing_highway_toll.py,example_09en_congestion_pricing_highway_toll,imax
example_09en_congestion_pricing_highway_toll.py,distrib/UXsim/demos_and_examples/example_09en_congestion_pricing_highway_toll.py,example_09en_congestion_pricing_highway_toll,jmax
example_09en_congestion_pricing_highway_toll.py,distrib/UXsim/demos_and_examples/example_09en_congestion_pricing_highway_toll.py,example_09en_congestion_pricing_highway_toll,nodes
example_09en_congestion_pricing_highway_toll.py,distrib/UXsim/demos_and_examples/example_09en_congestion_pricing_highway_toll.py,example_09en_congestion_pricing_highway_toll,links
example_09en_congestion_pricing_highway_toll.py,distrib/UXsim/demos_and_examples/example_09en_congestion_pricing_highway_toll.py,example_09en_congestion_pricing_highway_toll,demand_flow
example_09en_congestion_pricing_highway_toll.py,distrib/UXsim/demos_and_examples/example_09en_congestion_pricing_highway_toll.py,example_09en_congestion_pricing_highway_toll,demand_duration
example_09en_congestion_pricing_highway_toll.py,distrib/UXsim/demos_and_examples/example_09en_congestion_pricing_highway_toll.py,example_09en_congestion_pricing_highway_toll,W_orig
example_09en_congestion_pricing_highway_toll.py,distrib/UXsim/demos_and_examples/example_09en_congestion_pricing_highway_toll.py,example_09en_congestion_pricing_highway_toll,W.name
example_09en_congestion_pricing_highway_toll.py,distrib/UXsim/demos_and_examples/example_09en_congestion_pricing_highway_toll.py,example_09en_congestion_pricing_highway_toll,W2
example_09en_congestion_pricing_highway_toll.py,distrib/UXsim/demos_and_examples/example_09en_congestion_pricing_highway_toll.py,example_09en_congestion_pricing_highway_toll,W2.name
example_09en_congestion_pricing_highway_toll.py,distrib/UXsim/demos_and_examples/example_09en_congestion_pricing_highway_toll.py,example_09en_congestion_pricing_highway_toll,df
example_09en_congestion_pricing_highway_toll.py,distrib/UXsim/demos_and_examples/example_09en_congestion_pricing_highway_toll.py,example_09en_congestion_pricing_highway_toll,all_ave_tt
example_09en_congestion_pricing_highway_toll.py,distrib/UXsim/demos_and_examples/example_09en_congestion_pricing_highway_toll.py,example_09en_congestion_pricing_highway_toll,all_ave_delay
example_09en_congestion_pricing_highway_toll.py,distrib/UXsim/demos_and_examples/example_09en_congestion_pricing_highway_toll.py,example_09en_congestion_pricing_highway_toll,df
example_09en_congestion_pricing_highway_toll.py,distrib/UXsim/demos_and_examples/example_09en_congestion_pricing_highway_toll.py,example_09en_congestion_pricing_highway_toll,highway_user
example_09en_congestion_pricing_highway_toll.py,distrib/UXsim/demos_and_examples/example_09en_congestion_pricing_highway_toll.py,example_09en_congestion_pricing_highway_toll,highway_ave_tt
example_09en_congestion_pricing_highway_toll.py,distrib/UXsim/demos_and_examples/example_09en_congestion_pricing_highway_toll.py,example_09en_congestion_pricing_highway_toll,df
example_09en_congestion_pricing_highway_toll.py,distrib/UXsim/demos_and_examples/example_09en_congestion_pricing_highway_toll.py,example_09en_congestion_pricing_highway_toll,all_ave_tt2
example_09en_congestion_pricing_highway_toll.py,distrib/UXsim/demos_and_examples/example_09en_congestion_pricing_highway_toll.py,example_09en_congestion_pricing_highway_toll,all_ave_delay2
example_09en_congestion_pricing_highway_toll.py,distrib/UXsim/demos_and_examples/example_09en_congestion_pricing_highway_toll.py,example_09en_congestion_pricing_highway_toll,df
example_09en_congestion_pricing_highway_toll.py,distrib/UXsim/demos_and_examples/example_09en_congestion_pricing_highway_toll.py,example_09en_congestion_pricing_highway_toll,highway_user2
example_09en_congestion_pricing_highway_toll.py,distrib/UXsim/demos_and_examples/example_09en_congestion_pricing_highway_toll.py,example_09en_congestion_pricing_highway_toll,highway_ave_tt2
example_27en_interactive_simulation_by_streamlit.py,distrib/UXsim/demos_and_examples/example_27en_interactive_simulation_by_streamlit.py,example_27en_interactive_simulation_by_streamlit,initial_sim
example_27en_interactive_simulation_by_streamlit.py,distrib/UXsim/demos_and_examples/example_27en_interactive_simulation_by_streamlit.py,example_27en_interactive_simulation_by_streamlit,fig1
example_27en_interactive_simulation_by_streamlit.py,distrib/UXsim/demos_and_examples/example_27en_interactive_simulation_by_streamlit.py,example_27en_interactive_simulation_by_streamlit,demand_flow
example_27en_interactive_simulation_by_streamlit.py,distrib/UXsim/demos_and_examples/example_27en_interactive_simulation_by_streamlit.py,example_27en_interactive_simulation_by_streamlit,green_split
example_27en_interactive_simulation_by_streamlit.py,distrib/UXsim/demos_and_examples/example_27en_interactive_simulation_by_streamlit.py,example_27en_interactive_simulation_by_streamlit,o3
example_27en_interactive_simulation_by_streamlit.py,distrib/UXsim/demos_and_examples/example_27en_interactive_simulation_by_streamlit.py,example_27en_interactive_simulation_by_streamlit,o2
example_27en_interactive_simulation_by_streamlit.py,distrib/UXsim/demos_and_examples/example_27en_interactive_simulation_by_streamlit.py,example_27en_interactive_simulation_by_streamlit,o1
example_27en_interactive_simulation_by_streamlit.py,distrib/UXsim/demos_and_examples/example_27en_interactive_simulation_by_streamlit.py,example_27en_interactive_simulation_by_streamlit,sim
example_27en_interactive_simulation_by_streamlit.py,distrib/UXsim/demos_and_examples/example_27en_interactive_simulation_by_streamlit.py,example_27en_interactive_simulation_by_streamlit,stats
example_27en_interactive_simulation_by_streamlit.py,distrib/UXsim/demos_and_examples/example_27en_interactive_simulation_by_streamlit.py,example_27en_interactive_simulation_by_streamlit,fig2
