common-block,file,module,operation,direction
SkipCellsPreprocessor,distrib/UXsim/tests/test_notebook_demos.py,test_notebook_demos.SkipCellsPreprocessor,self.exception_words,WRITE
CellExecuter,distrib/UXsim/tests/test_notebook_demos_extra.py,test_notebook_demos_extra.CellExecuter,self.exception_words,WRITE
TrafficSim,distrib/UXsim/demos_and_examples/example_14en_multiple_signals_Deep_Reinforcement_Learning_pytorch.py,example_14en_multiple_signals_Deep_Reinforcement_Learning_pytorch.TrafficSim,self.n_action,WRITE
TrafficSim,distrib/UXsim/demos_and_examples/example_14en_multiple_signals_Deep_Reinforcement_Learning_pytorch.py,example_14en_multiple_signals_Deep_Reinforcement_Learning_pytorch.TrafficSim,self.action_space,WRITE
TrafficSim,distrib/UXsim/demos_and_examples/example_14en_multiple_signals_Deep_Reinforcement_Learning_pytorch.py,example_14en_multiple_signals_Deep_Reinforcement_Learning_pytorch.TrafficSim,self.n_state,WRITE
TrafficSim,distrib/UXsim/demos_and_examples/example_14en_multiple_signals_Deep_Reinforcement_Learning_pytorch.py,example_14en_multiple_signals_Deep_Reinforcement_Learning_pytorch.TrafficSim,low,WRITE
TrafficSim,distrib/UXsim/demos_and_examples/example_14en_multiple_signals_Deep_Reinforcement_Learning_pytorch.py,example_14en_multiple_signals_Deep_Reinforcement_Learning_pytorch.TrafficSim,high,WRITE
TrafficSim,distrib/UXsim/demos_and_examples/example_14en_multiple_signals_Deep_Reinforcement_Learning_pytorch.py,example_14en_multiple_signals_Deep_Reinforcement_Learning_pytorch.TrafficSim,self.observation_space,WRITE
ReplayMemory,distrib/UXsim/demos_and_examples/example_14en_multiple_signals_Deep_Reinforcement_Learning_pytorch.py,example_14en_multiple_signals_Deep_Reinforcement_Learning_pytorch.ReplayMemory,self.memory,WRITE
DQN,distrib/UXsim/demos_and_examples/example_14en_multiple_signals_Deep_Reinforcement_Learning_pytorch.py,example_14en_multiple_signals_Deep_Reinforcement_Learning_pytorch.DQN,n_neurals,WRITE
DQN,distrib/UXsim/demos_and_examples/example_14en_multiple_signals_Deep_Reinforcement_Learning_pytorch.py,example_14en_multiple_signals_Deep_Reinforcement_Learning_pytorch.DQN,n_layers,WRITE
DQN,distrib/UXsim/demos_and_examples/example_14en_multiple_signals_Deep_Reinforcement_Learning_pytorch.py,example_14en_multiple_signals_Deep_Reinforcement_Learning_pytorch.DQN,self.layers,WRITE
DQN,distrib/UXsim/demos_and_examples/example_14en_multiple_signals_Deep_Reinforcement_Learning_pytorch.py,example_14en_multiple_signals_Deep_Reinforcement_Learning_pytorch.DQN,self.layer_last,WRITE
UXsim_model,distrib/UXsim/demos_and_examples/example_27jp_interactive_simulation_by_streamlit.py,example_27jp_interactive_simulation_by_streamlit.UXsim_model,self.demand_flow,WRITE
UXsim_model,distrib/UXsim/demos_and_examples/example_27jp_interactive_simulation_by_streamlit.py,example_27jp_interactive_simulation_by_streamlit.UXsim_model,self.green_split,WRITE
UXsim_model,distrib/UXsim/demos_and_examples/example_27jp_interactive_simulation_by_streamlit.py,example_27jp_interactive_simulation_by_streamlit.UXsim_model,self.offsets,WRITE
UXsim_model,distrib/UXsim/demos_and_examples/example_27jp_interactive_simulation_by_streamlit.py,example_27jp_interactive_simulation_by_streamlit.UXsim_model,self.n_nodes,WRITE
UXsim_model,distrib/UXsim/demos_and_examples/example_27jp_interactive_simulation_by_streamlit.py,example_27jp_interactive_simulation_by_streamlit.UXsim_model,self.cycle,WRITE
UXsim_model,distrib/UXsim/demos_and_examples/example_27jp_interactive_simulation_by_streamlit.py,example_27jp_interactive_simulation_by_streamlit.UXsim_model,self.W,WRITE
Analyzer,distrib/UXsim/uxsim/analyzer.py,uxsim.analyzer.Analyzer,s.W,WRITE
Analyzer,distrib/UXsim/uxsim/analyzer.py,uxsim.analyzer.Analyzer,s.average_speed,WRITE
Analyzer,distrib/UXsim/uxsim/analyzer.py,uxsim.analyzer.Analyzer,s.average_speed_count,WRITE
Analyzer,distrib/UXsim/uxsim/analyzer.py,uxsim.analyzer.Analyzer,s.trip_completed,WRITE
Analyzer,distrib/UXsim/uxsim/analyzer.py,uxsim.analyzer.Analyzer,s.trip_all,WRITE
Analyzer,distrib/UXsim/uxsim/analyzer.py,uxsim.analyzer.Analyzer,s.total_travel_time,WRITE
Analyzer,distrib/UXsim/uxsim/analyzer.py,uxsim.analyzer.Analyzer,s.average_travel_time,WRITE
Analyzer,distrib/UXsim/uxsim/analyzer.py,uxsim.analyzer.Analyzer,s.flag_edie_state_computed,WRITE
Analyzer,distrib/UXsim/uxsim/analyzer.py,uxsim.analyzer.Analyzer,s.flag_trajectory_computed,WRITE
Analyzer,distrib/UXsim/uxsim/analyzer.py,uxsim.analyzer.Analyzer,s.flag_pandas_convert,WRITE
Analyzer,distrib/UXsim/uxsim/analyzer.py,uxsim.analyzer.Analyzer,s.flag_od_analysis,WRITE
Analyzer,distrib/UXsim/uxsim/analyzer.py,uxsim.analyzer.Analyzer,s.font_data,WRITE
Analyzer,distrib/UXsim/uxsim/analyzer.py,uxsim.analyzer.Analyzer,s.font_file_like,WRITE
Analyzer,distrib/UXsim/uxsim/analyzer.py,uxsim.analyzer.Analyzer,plt.rcParams,WRITE
Node,distrib/UXsim/uxsim/uxsim.py,uxsim.uxsim.Node,s.W,WRITE
Node,distrib/UXsim/uxsim/uxsim.py,uxsim.uxsim.Node,s.x,WRITE
Node,distrib/UXsim/uxsim/uxsim.py,uxsim.uxsim.Node,s.y,WRITE
Node,distrib/UXsim/uxsim/uxsim.py,uxsim.uxsim.Node,s.attribute,WRITE
Node,distrib/UXsim/uxsim/uxsim.py,uxsim.uxsim.Node,s.user_attribute,WRITE
Node,distrib/UXsim/uxsim/uxsim.py,uxsim.uxsim.Node,s.user_function,WRITE
Node,distrib/UXsim/uxsim/uxsim.py,uxsim.uxsim.Node,s.inlinks,WRITE
Node,distrib/UXsim/uxsim/uxsim.py,uxsim.uxsim.Node,s.outlinks,WRITE
Node,distrib/UXsim/uxsim/uxsim.py,uxsim.uxsim.Node,s.incoming_vehicles,WRITE
Node,distrib/UXsim/uxsim/uxsim.py,uxsim.uxsim.Node,s.generation_queue,WRITE
Node,distrib/UXsim/uxsim/uxsim.py,uxsim.uxsim.Node,s.signal,WRITE
Node,distrib/UXsim/uxsim/uxsim.py,uxsim.uxsim.Node,s.signal_phase,WRITE
Node,distrib/UXsim/uxsim/uxsim.py,uxsim.uxsim.Node,s.signal_t,WRITE
Node,distrib/UXsim/uxsim/uxsim.py,uxsim.uxsim.Node,s.signal_offset,WRITE
Node,distrib/UXsim/uxsim/uxsim.py,uxsim.uxsim.Node,offset,WRITE
Node,distrib/UXsim/uxsim/uxsim.py,uxsim.uxsim.Node,s.signal_log,WRITE
Node,distrib/UXsim/uxsim/uxsim.py,uxsim.uxsim.Node,s.flag_lanes_automatically_determined,WRITE
Node,distrib/UXsim/uxsim/uxsim.py,uxsim.uxsim.Node,s.number_of_lanes,WRITE
Node,distrib/UXsim/uxsim/uxsim.py,uxsim.uxsim.Node,s.id,WRITE
Node,distrib/UXsim/uxsim/uxsim.py,uxsim.uxsim.Node,s.name,WRITE
Node,distrib/UXsim/uxsim/uxsim.py,uxsim.uxsim.Node,s.auto_rename,WRITE
Node,distrib/UXsim/uxsim/uxsim.py,uxsim.uxsim.Node,s.W.NODES_NAME_DICT,WRITE
Link,distrib/UXsim/uxsim/uxsim.py,uxsim.uxsim.Link,s.W,WRITE
Link,distrib/UXsim/uxsim/uxsim.py,uxsim.uxsim.Link,s.start_node,WRITE
Link,distrib/UXsim/uxsim/uxsim.py,uxsim.uxsim.Link,s.end_node,WRITE
Link,distrib/UXsim/uxsim/uxsim.py,uxsim.uxsim.Link,s.length,WRITE
Link,distrib/UXsim/uxsim/uxsim.py,uxsim.uxsim.Link,s.number_of_lanes,WRITE
Link,distrib/UXsim/uxsim/uxsim.py,uxsim.uxsim.Link,s.u,WRITE
Link,distrib/UXsim/uxsim/uxsim.py,uxsim.uxsim.Link,s.kappa,WRITE
Link,distrib/UXsim/uxsim/uxsim.py,uxsim.uxsim.Link,s.tau,WRITE
Link,distrib/UXsim/uxsim/uxsim.py,uxsim.uxsim.Link,s.w,WRITE
Link,distrib/UXsim/uxsim/uxsim.py,uxsim.uxsim.Link,s.capacity,WRITE
Link,distrib/UXsim/uxsim/uxsim.py,uxsim.uxsim.Link,s.delta,WRITE
Link,distrib/UXsim/uxsim/uxsim.py,uxsim.uxsim.Link,s.delta_per_lane,WRITE
Link,distrib/UXsim/uxsim/uxsim.py,uxsim.uxsim.Link,s.q_star,WRITE
Link,distrib/UXsim/uxsim/uxsim.py,uxsim.uxsim.Link,s.k_star,WRITE
Link,distrib/UXsim/uxsim/uxsim.py,uxsim.uxsim.Link,s.free_flow_speed,WRITE
Link,distrib/UXsim/uxsim/uxsim.py,uxsim.uxsim.Link,s.jam_density,WRITE
Link,distrib/UXsim/uxsim/uxsim.py,uxsim.uxsim.Link,s.jam_density_per_lane,WRITE
Link,distrib/UXsim/uxsim/uxsim.py,uxsim.uxsim.Link,s.merge_priority,WRITE
Link,distrib/UXsim/uxsim/uxsim.py,uxsim.uxsim.Link,s.vehicles,WRITE
Link,distrib/UXsim/uxsim/uxsim.py,uxsim.uxsim.Link,s.traveltime_instant,WRITE
Link,distrib/UXsim/uxsim/uxsim.py,uxsim.uxsim.Link,s.route_choice_penalty,WRITE
Link,distrib/UXsim/uxsim/uxsim.py,uxsim.uxsim.Link,s.cum_arrival,WRITE
Link,distrib/UXsim/uxsim/uxsim.py,uxsim.uxsim.Link,s.cum_departure,WRITE
Link,distrib/UXsim/uxsim/uxsim.py,uxsim.uxsim.Link,s.traveltime_actual,WRITE
Link,distrib/UXsim/uxsim/uxsim.py,uxsim.uxsim.Link,s.signal_group,WRITE
Link,distrib/UXsim/uxsim/uxsim.py,uxsim.uxsim.Link,s.capacity_out,WRITE
Link,distrib/UXsim/uxsim/uxsim.py,uxsim.uxsim.Link,s.capacity_out_remain,WRITE
Link,distrib/UXsim/uxsim/uxsim.py,uxsim.uxsim.Link,s.capacity_in,WRITE
Link,distrib/UXsim/uxsim/uxsim.py,uxsim.uxsim.Link,s.id,WRITE
Link,distrib/UXsim/uxsim/uxsim.py,uxsim.uxsim.Link,s.name,WRITE
Link,distrib/UXsim/uxsim/uxsim.py,uxsim.uxsim.Link,s.auto_rename,WRITE
Link,distrib/UXsim/uxsim/uxsim.py,uxsim.uxsim.Link,s.W.LINKS_NAME_DICT,WRITE
Link,distrib/UXsim/uxsim/uxsim.py,uxsim.uxsim.Link,s.start_node.outlinks,WRITE
Link,distrib/UXsim/uxsim/uxsim.py,uxsim.uxsim.Link,s.end_node.inlinks,WRITE
Link,distrib/UXsim/uxsim/uxsim.py,uxsim.uxsim.Link,s.attribute,WRITE
Link,distrib/UXsim/uxsim/uxsim.py,uxsim.uxsim.Link,s.user_attribute,WRITE
Link,distrib/UXsim/uxsim/uxsim.py,uxsim.uxsim.Link,s.user_function,WRITE
Link,distrib/UXsim/uxsim/uxsim.py,uxsim.uxsim.Link,s._speed,WRITE
Link,distrib/UXsim/uxsim/uxsim.py,uxsim.uxsim.Link,s._density,WRITE
Link,distrib/UXsim/uxsim/uxsim.py,uxsim.uxsim.Link,s._flow,WRITE
Link,distrib/UXsim/uxsim/uxsim.py,uxsim.uxsim.Link,s._num_vehicles,WRITE
Link,distrib/UXsim/uxsim/uxsim.py,uxsim.uxsim.Link,s._num_vehicles_queue,WRITE
Link,distrib/UXsim/uxsim/uxsim.py,uxsim.uxsim.Link,s.tss,WRITE
Link,distrib/UXsim/uxsim/uxsim.py,uxsim.uxsim.Link,s.xss,WRITE
Link,distrib/UXsim/uxsim/uxsim.py,uxsim.uxsim.Link,s.cs,WRITE
Link,distrib/UXsim/uxsim/uxsim.py,uxsim.uxsim.Link,s.ls,WRITE
Link,distrib/UXsim/uxsim/uxsim.py,uxsim.uxsim.Link,s.names,WRITE
Link,distrib/UXsim/uxsim/uxsim.py,uxsim.uxsim.Link,s.eular_dx,WRITE
Vehicle,distrib/UXsim/uxsim/uxsim.py,uxsim.uxsim.Vehicle,s.W,WRITE
Vehicle,distrib/UXsim/uxsim/uxsim.py,uxsim.uxsim.Vehicle,s.orig,WRITE
Vehicle,distrib/UXsim/uxsim/uxsim.py,uxsim.uxsim.Vehicle,s.dest,WRITE
Vehicle,distrib/UXsim/uxsim/uxsim.py,uxsim.uxsim.Vehicle,s.departure_time_in_second,WRITE
Vehicle,distrib/UXsim/uxsim/uxsim.py,uxsim.uxsim.Vehicle,s.arrival_time,WRITE
Vehicle,distrib/UXsim/uxsim/uxsim.py,uxsim.uxsim.Vehicle,s.link_arrival_time,WRITE
Vehicle,distrib/UXsim/uxsim/uxsim.py,uxsim.uxsim.Vehicle,s.travel_time,WRITE
Vehicle,distrib/UXsim/uxsim/uxsim.py,uxsim.uxsim.Vehicle,s.state,WRITE
Vehicle,distrib/UXsim/uxsim/uxsim.py,uxsim.uxsim.Vehicle,s.link,WRITE
Vehicle,distrib/UXsim/uxsim/uxsim.py,uxsim.uxsim.Vehicle,s.x,WRITE
Vehicle,distrib/UXsim/uxsim/uxsim.py,uxsim.uxsim.Vehicle,s.x_next,WRITE
Vehicle,distrib/UXsim/uxsim/uxsim.py,uxsim.uxsim.Vehicle,s.x_old,WRITE
Vehicle,distrib/UXsim/uxsim/uxsim.py,uxsim.uxsim.Vehicle,s.v,WRITE
Vehicle,distrib/UXsim/uxsim/uxsim.py,uxsim.uxsim.Vehicle,s.lane,WRITE
Vehicle,distrib/UXsim/uxsim/uxsim.py,uxsim.uxsim.Vehicle,s.leader,WRITE
Vehicle,distrib/UXsim/uxsim/uxsim.py,uxsim.uxsim.Vehicle,s.follower,WRITE
Vehicle,distrib/UXsim/uxsim/uxsim.py,uxsim.uxsim.Vehicle,s.flag_waiting_for_trip_end,WRITE
Vehicle,distrib/UXsim/uxsim/uxsim.py,uxsim.uxsim.Vehicle,s.move_remain,WRITE
Vehicle,distrib/UXsim/uxsim/uxsim.py,uxsim.uxsim.Vehicle,s.mode,WRITE
Vehicle,distrib/UXsim/uxsim/uxsim.py,uxsim.uxsim.Vehicle,s.dest_list,WRITE
Vehicle,distrib/UXsim/uxsim/uxsim.py,uxsim.uxsim.Vehicle,s.node_event,WRITE
Vehicle,distrib/UXsim/uxsim/uxsim.py,uxsim.uxsim.Vehicle,s.links_prefer,WRITE
Vehicle,distrib/UXsim/uxsim/uxsim.py,uxsim.uxsim.Vehicle,s.links_avoid,WRITE
Vehicle,distrib/UXsim/uxsim/uxsim.py,uxsim.uxsim.Vehicle,s.trip_abort,WRITE
Vehicle,distrib/UXsim/uxsim/uxsim.py,uxsim.uxsim.Vehicle,s.flag_trip_aborted,WRITE
Vehicle,distrib/UXsim/uxsim/uxsim.py,uxsim.uxsim.Vehicle,s.log_t,WRITE
Vehicle,distrib/UXsim/uxsim/uxsim.py,uxsim.uxsim.Vehicle,s.log_state,WRITE
Vehicle,distrib/UXsim/uxsim/uxsim.py,uxsim.uxsim.Vehicle,s.log_link,WRITE
Vehicle,distrib/UXsim/uxsim/uxsim.py,uxsim.uxsim.Vehicle,s.log_x,WRITE
Vehicle,distrib/UXsim/uxsim/uxsim.py,uxsim.uxsim.Vehicle,s.log_s,WRITE
Vehicle,distrib/UXsim/uxsim/uxsim.py,uxsim.uxsim.Vehicle,s.log_v,WRITE
Vehicle,distrib/UXsim/uxsim/uxsim.py,uxsim.uxsim.Vehicle,s.log_lane,WRITE
Vehicle,distrib/UXsim/uxsim/uxsim.py,uxsim.uxsim.Vehicle,s.color,WRITE
Vehicle,distrib/UXsim/uxsim/uxsim.py,uxsim.uxsim.Vehicle,s.log_t_link,WRITE
Vehicle,distrib/UXsim/uxsim/uxsim.py,uxsim.uxsim.Vehicle,s.link_old,WRITE
Vehicle,distrib/UXsim/uxsim/uxsim.py,uxsim.uxsim.Vehicle,s.distance_traveled,WRITE
Vehicle,distrib/UXsim/uxsim/uxsim.py,uxsim.uxsim.Vehicle,s.attribute,WRITE
Vehicle,distrib/UXsim/uxsim/uxsim.py,uxsim.uxsim.Vehicle,s.user_attribute,WRITE
Vehicle,distrib/UXsim/uxsim/uxsim.py,uxsim.uxsim.Vehicle,s.user_function,WRITE
Vehicle,distrib/UXsim/uxsim/uxsim.py,uxsim.uxsim.Vehicle,s.id,WRITE
Vehicle,distrib/UXsim/uxsim/uxsim.py,uxsim.uxsim.Vehicle,s.W.VEHICLES,WRITE
Vehicle,distrib/UXsim/uxsim/uxsim.py,uxsim.uxsim.Vehicle,s.W.VEHICLES_LIVING,WRITE
RouteChoice,distrib/UXsim/uxsim/uxsim.py,uxsim.uxsim.RouteChoice,s.W,WRITE
RouteChoice,distrib/UXsim/uxsim/uxsim.py,uxsim.uxsim.RouteChoice,s.adj_mat_time,WRITE
RouteChoice,distrib/UXsim/uxsim/uxsim.py,uxsim.uxsim.RouteChoice,s.dist,WRITE
RouteChoice,distrib/UXsim/uxsim/uxsim.py,uxsim.uxsim.RouteChoice,s.next,WRITE
RouteChoice,distrib/UXsim/uxsim/uxsim.py,uxsim.uxsim.RouteChoice,s.pred,WRITE
RouteChoice,distrib/UXsim/uxsim/uxsim.py,uxsim.uxsim.RouteChoice,s.dist_record,WRITE
RouteChoice,distrib/UXsim/uxsim/uxsim.py,uxsim.uxsim.RouteChoice,s.route_pref,WRITE
World,distrib/UXsim/uxsim/uxsim.py,uxsim.uxsim.World,W.rng,WRITE
World,distrib/UXsim/uxsim/uxsim.py,uxsim.uxsim.World,W.random_seed,WRITE
World,distrib/UXsim/uxsim/uxsim.py,uxsim.uxsim.World,W.TMAX,WRITE
World,distrib/UXsim/uxsim/uxsim.py,uxsim.uxsim.World,W.DELTAN,WRITE
World,distrib/UXsim/uxsim/uxsim.py,uxsim.uxsim.World,W.REACTION_TIME,WRITE
World,distrib/UXsim/uxsim/uxsim.py,uxsim.uxsim.World,W.DUO_UPDATE_TIME,WRITE
World,distrib/UXsim/uxsim/uxsim.py,uxsim.uxsim.World,W.DUO_UPDATE_WEIGHT,WRITE
World,distrib/UXsim/uxsim/uxsim.py,uxsim.uxsim.World,W.DUO_NOISE,WRITE
World,distrib/UXsim/uxsim/uxsim.py,uxsim.uxsim.World,W.EULAR_DT,WRITE
World,distrib/UXsim/uxsim/uxsim.py,uxsim.uxsim.World,W.DELTAT,WRITE
World,distrib/UXsim/uxsim/uxsim.py,uxsim.uxsim.World,W.DELTAT_ROUTE,WRITE
World,distrib/UXsim/uxsim/uxsim.py,uxsim.uxsim.World,W.VEHICLES,WRITE
World,distrib/UXsim/uxsim/uxsim.py,uxsim.uxsim.World,W.VEHICLES_LIVING,WRITE
World,distrib/UXsim/uxsim/uxsim.py,uxsim.uxsim.World,W.VEHICLES_RUNNING,WRITE
World,distrib/UXsim/uxsim/uxsim.py,uxsim.uxsim.World,W.NODES,WRITE
World,distrib/UXsim/uxsim/uxsim.py,uxsim.uxsim.World,W.LINKS,WRITE
World,distrib/UXsim/uxsim/uxsim.py,uxsim.uxsim.World,W.NODES_NAME_DICT,WRITE
World,distrib/UXsim/uxsim/uxsim.py,uxsim.uxsim.World,W.LINKS_NAME_DICT,WRITE
World,distrib/UXsim/uxsim/uxsim.py,uxsim.uxsim.World,W.vehicle_logging_timestep_interval,WRITE
World,distrib/UXsim/uxsim/uxsim.py,uxsim.uxsim.World,W.route_choice_principle,WRITE
World,distrib/UXsim/uxsim/uxsim.py,uxsim.uxsim.World,W.route_choice_update_gradual,WRITE
World,distrib/UXsim/uxsim/uxsim.py,uxsim.uxsim.World,W.instantaneous_TT_timestep_interval,WRITE
World,distrib/UXsim/uxsim/uxsim.py,uxsim.uxsim.World,W.route_pref_for_vehs,WRITE
World,distrib/UXsim/uxsim/uxsim.py,uxsim.uxsim.World,W.show_progress,WRITE
World,distrib/UXsim/uxsim/uxsim.py,uxsim.uxsim.World,W.show_progress_deltat_timestep,WRITE
World,distrib/UXsim/uxsim/uxsim.py,uxsim.uxsim.World,W.reduce_memory_delete_vehicle_route_pref,WRITE
World,distrib/UXsim/uxsim/uxsim.py,uxsim.uxsim.World,W.name,WRITE
World,distrib/UXsim/uxsim/uxsim.py,uxsim.uxsim.World,W.hard_deterministic_mode,WRITE
World,distrib/UXsim/uxsim/uxsim.py,uxsim.uxsim.World,W.meta_data,WRITE
World,distrib/UXsim/uxsim/uxsim.py,uxsim.uxsim.World,W.network_info,WRITE
World,distrib/UXsim/uxsim/uxsim.py,uxsim.uxsim.World,W.demand_info,WRITE
World,distrib/UXsim/uxsim/uxsim.py,uxsim.uxsim.World,W.finalized,WRITE
World,distrib/UXsim/uxsim/uxsim.py,uxsim.uxsim.World,W.world_start_time,WRITE
World,distrib/UXsim/uxsim/uxsim.py,uxsim.uxsim.World,W.print_mode,WRITE
World,distrib/UXsim/uxsim/uxsim.py,uxsim.uxsim.World,W.save_mode,WRITE
World,distrib/UXsim/uxsim/uxsim.py,uxsim.uxsim.World,W.show_mode,WRITE
World,distrib/UXsim/uxsim/uxsim.py,uxsim.uxsim.World,W.user_attribute,WRITE
World,distrib/UXsim/uxsim/uxsim.py,uxsim.uxsim.World,W.user_function,WRITE
Route,distrib/UXsim/uxsim/uxsim.py,uxsim.uxsim.Route,s.W,WRITE
Route,distrib/UXsim/uxsim/uxsim.py,uxsim.uxsim.Route,s.name,WRITE
Route,distrib/UXsim/uxsim/uxsim.py,uxsim.uxsim.Route,s.links,WRITE
Route,distrib/UXsim/uxsim/uxsim.py,uxsim.uxsim.Route,s.links_name,WRITE
EdgeItem,distrib/UXsim/uxsim/ResultGUIViewer/ResultGUIViewer.py,uxsimResultGUIViewer.ResultGUIViewer.EdgeItem,self.name,WRITE
EdgeItem,distrib/UXsim/uxsim/ResultGUIViewer/ResultGUIViewer.py,uxsimResultGUIViewer.ResultGUIViewer.EdgeItem,self.start_node,WRITE
EdgeItem,distrib/UXsim/uxsim/ResultGUIViewer/ResultGUIViewer.py,uxsimResultGUIViewer.ResultGUIViewer.EdgeItem,self.end_node,WRITE
EdgeItem,distrib/UXsim/uxsim/ResultGUIViewer/ResultGUIViewer.py,uxsimResultGUIViewer.ResultGUIViewer.EdgeItem,self.density_list,WRITE
EdgeItem,distrib/UXsim/uxsim/ResultGUIViewer/ResultGUIViewer.py,uxsimResultGUIViewer.ResultGUIViewer.EdgeItem,self.Link,WRITE
EdgeItem,distrib/UXsim/uxsim/ResultGUIViewer/ResultGUIViewer.py,uxsimResultGUIViewer.ResultGUIViewer.EdgeItem,self.t,WRITE
EdgeItem,distrib/UXsim/uxsim/ResultGUIViewer/ResultGUIViewer.py,uxsimResultGUIViewer.ResultGUIViewer.EdgeItem,self.curve_direction,WRITE
EdgeItem,distrib/UXsim/uxsim/ResultGUIViewer/ResultGUIViewer.py,uxsimResultGUIViewer.ResultGUIViewer.EdgeItem,self.show_name,WRITE
NodeItem,distrib/UXsim/uxsim/ResultGUIViewer/ResultGUIViewer.py,uxsimResultGUIViewer.ResultGUIViewer.NodeItem,self.name,WRITE
NodeItem,distrib/UXsim/uxsim/ResultGUIViewer/ResultGUIViewer.py,uxsimResultGUIViewer.ResultGUIViewer.NodeItem,self.Node,WRITE
NodeItem,distrib/UXsim/uxsim/ResultGUIViewer/ResultGUIViewer.py,uxsimResultGUIViewer.ResultGUIViewer.NodeItem,self.show_name,WRITE
GraphWidget,distrib/UXsim/uxsim/ResultGUIViewer/ResultGUIViewer.py,uxsimResultGUIViewer.ResultGUIViewer.GraphWidget,self.vehicle_list,WRITE
GraphWidget,distrib/UXsim/uxsim/ResultGUIViewer/ResultGUIViewer.py,uxsimResultGUIViewer.ResultGUIViewer.GraphWidget,self.show_vehicles,WRITE
GraphWidget,distrib/UXsim/uxsim/ResultGUIViewer/ResultGUIViewer.py,uxsimResultGUIViewer.ResultGUIViewer.GraphWidget,self.edges,WRITE
MainWindow,distrib/UXsim/uxsim/ResultGUIViewer/ResultGUIViewer.py,uxsimResultGUIViewer.ResultGUIViewer.MainWindow,self.W,WRITE
MainWindow,distrib/UXsim/uxsim/ResultGUIViewer/ResultGUIViewer.py,uxsimResultGUIViewer.ResultGUIViewer.MainWindow,self.tmax,WRITE
MainWindow,distrib/UXsim/uxsim/ResultGUIViewer/ResultGUIViewer.py,uxsimResultGUIViewer.ResultGUIViewer.MainWindow,self.dt,WRITE
MainWindow,distrib/UXsim/uxsim/ResultGUIViewer/ResultGUIViewer.py,uxsimResultGUIViewer.ResultGUIViewer.MainWindow,self.playing,WRITE
MainWindow,distrib/UXsim/uxsim/ResultGUIViewer/ResultGUIViewer.py,uxsimResultGUIViewer.ResultGUIViewer.MainWindow,self.curve_direction,WRITE
MainWindow,distrib/UXsim/uxsim/ResultGUIViewer/ResultGUIViewer.py,uxsimResultGUIViewer.ResultGUIViewer.MainWindow,self.show_names,WRITE
MainWindow,distrib/UXsim/uxsim/ResultGUIViewer/ResultGUIViewer.py,uxsimResultGUIViewer.ResultGUIViewer.MainWindow,self.show_vehicles,WRITE
MainWindow,distrib/UXsim/uxsim/ResultGUIViewer/ResultGUIViewer.py,uxsimResultGUIViewer.ResultGUIViewer.MainWindow,central_widget,WRITE
MainWindow,distrib/UXsim/uxsim/ResultGUIViewer/ResultGUIViewer.py,uxsimResultGUIViewer.ResultGUIViewer.MainWindow,layout,WRITE
MainWindow,distrib/UXsim/uxsim/ResultGUIViewer/ResultGUIViewer.py,uxsimResultGUIViewer.ResultGUIViewer.MainWindow,slider_layout,WRITE
MainWindow,distrib/UXsim/uxsim/ResultGUIViewer/ResultGUIViewer.py,uxsimResultGUIViewer.ResultGUIViewer.MainWindow,self.t_slider,WRITE
MainWindow,distrib/UXsim/uxsim/ResultGUIViewer/ResultGUIViewer.py,uxsimResultGUIViewer.ResultGUIViewer.MainWindow,self.t_label,WRITE
MainWindow,distrib/UXsim/uxsim/ResultGUIViewer/ResultGUIViewer.py,uxsimResultGUIViewer.ResultGUIViewer.MainWindow,button_layout,WRITE
MainWindow,distrib/UXsim/uxsim/ResultGUIViewer/ResultGUIViewer.py,uxsimResultGUIViewer.ResultGUIViewer.MainWindow,self.play_button,WRITE
MainWindow,distrib/UXsim/uxsim/ResultGUIViewer/ResultGUIViewer.py,uxsimResultGUIViewer.ResultGUIViewer.MainWindow,self.stop_button,WRITE
MainWindow,distrib/UXsim/uxsim/ResultGUIViewer/ResultGUIViewer.py,uxsimResultGUIViewer.ResultGUIViewer.MainWindow,self.graph_widget,WRITE
MainWindow,distrib/UXsim/uxsim/ResultGUIViewer/ResultGUIViewer.py,uxsimResultGUIViewer.ResultGUIViewer.MainWindow,self.timer,WRITE
MainWindow,distrib/UXsim/uxsim/ResultGUIViewer/ResultGUIViewer.py,uxsimResultGUIViewer.ResultGUIViewer.MainWindow,menu_bar,WRITE
MainWindow,distrib/UXsim/uxsim/ResultGUIViewer/ResultGUIViewer.py,uxsimResultGUIViewer.ResultGUIViewer.MainWindow,menu_data,WRITE
MainWindow,distrib/UXsim/uxsim/ResultGUIViewer/ResultGUIViewer.py,uxsimResultGUIViewer.ResultGUIViewer.MainWindow,action_basic_stats,WRITE
MainWindow,distrib/UXsim/uxsim/ResultGUIViewer/ResultGUIViewer.py,uxsimResultGUIViewer.ResultGUIViewer.MainWindow,action_basic_stats,WRITE
MainWindow,distrib/UXsim/uxsim/ResultGUIViewer/ResultGUIViewer.py,uxsimResultGUIViewer.ResultGUIViewer.MainWindow,action_basic_stats,WRITE
MainWindow,distrib/UXsim/uxsim/ResultGUIViewer/ResultGUIViewer.py,uxsimResultGUIViewer.ResultGUIViewer.MainWindow,action_basic_stats,WRITE
MainWindow,distrib/UXsim/uxsim/ResultGUIViewer/ResultGUIViewer.py,uxsimResultGUIViewer.ResultGUIViewer.MainWindow,action_basic_stats,WRITE
MainWindow,distrib/UXsim/uxsim/ResultGUIViewer/ResultGUIViewer.py,uxsimResultGUIViewer.ResultGUIViewer.MainWindow,menu_settings,WRITE
MainWindow,distrib/UXsim/uxsim/ResultGUIViewer/ResultGUIViewer.py,uxsimResultGUIViewer.ResultGUIViewer.MainWindow,option_curve_direction,WRITE
MainWindow,distrib/UXsim/uxsim/ResultGUIViewer/ResultGUIViewer.py,uxsimResultGUIViewer.ResultGUIViewer.MainWindow,curve_right_action,WRITE
MainWindow,distrib/UXsim/uxsim/ResultGUIViewer/ResultGUIViewer.py,uxsimResultGUIViewer.ResultGUIViewer.MainWindow,curve_left_action,WRITE
MainWindow,distrib/UXsim/uxsim/ResultGUIViewer/ResultGUIViewer.py,uxsimResultGUIViewer.ResultGUIViewer.MainWindow,option_display,WRITE
MainWindow,distrib/UXsim/uxsim/ResultGUIViewer/ResultGUIViewer.py,uxsimResultGUIViewer.ResultGUIViewer.MainWindow,show_names_action,WRITE
MainWindow,distrib/UXsim/uxsim/ResultGUIViewer/ResultGUIViewer.py,uxsimResultGUIViewer.ResultGUIViewer.MainWindow,menu_Vehicle,WRITE
MainWindow,distrib/UXsim/uxsim/ResultGUIViewer/ResultGUIViewer.py,uxsimResultGUIViewer.ResultGUIViewer.MainWindow,action_show_vehicle,WRITE
MainWindow,distrib/UXsim/uxsim/ResultGUIViewer/ResultGUIViewer.py,uxsimResultGUIViewer.ResultGUIViewer.MainWindow,menu_Animation,WRITE
MainWindow,distrib/UXsim/uxsim/ResultGUIViewer/ResultGUIViewer.py,uxsimResultGUIViewer.ResultGUIViewer.MainWindow,action_csv,WRITE
MainWindow,distrib/UXsim/uxsim/ResultGUIViewer/ResultGUIViewer.py,uxsimResultGUIViewer.ResultGUIViewer.MainWindow,action_network_anim_detailed0,WRITE
MainWindow,distrib/UXsim/uxsim/ResultGUIViewer/ResultGUIViewer.py,uxsimResultGUIViewer.ResultGUIViewer.MainWindow,action_network_anim_detailed1,WRITE
MainWindow,distrib/UXsim/uxsim/ResultGUIViewer/ResultGUIViewer.py,uxsimResultGUIViewer.ResultGUIViewer.MainWindow,action_network_anim_fancy,WRITE
PandasModel,distrib/UXsim/uxsim/ResultGUIViewer/ResultGUIViewer.py,uxsimResultGUIViewer.ResultGUIViewer.PandasModel,self._data,WRITE
DataFrameViewer,distrib/UXsim/uxsim/ResultGUIViewer/ResultGUIViewer.py,uxsimResultGUIViewer.ResultGUIViewer.DataFrameViewer,self.model,WRITE
DataFrameViewer,distrib/UXsim/uxsim/ResultGUIViewer/ResultGUIViewer.py,uxsimResultGUIViewer.ResultGUIViewer.DataFrameViewer,self.view,WRITE
SolverDUE,distrib/UXsim/uxsim/DTAsolvers/DTAsolvers.py,uxsimDTAsolvers.DTAsolvers.SolverDUE,s.func_World,WRITE
SolverDUE,distrib/UXsim/uxsim/DTAsolvers/DTAsolvers.py,uxsimDTAsolvers.DTAsolvers.SolverDUE,s.W_sol,WRITE
SolverDUE,distrib/UXsim/uxsim/DTAsolvers/DTAsolvers.py,uxsimDTAsolvers.DTAsolvers.SolverDUE,s.W_intermid_solution,WRITE
SolverDUE,distrib/UXsim/uxsim/DTAsolvers/DTAsolvers.py,uxsimDTAsolvers.DTAsolvers.SolverDUE,s.dfs_link,WRITE
SolverDSO_GA,distrib/UXsim/uxsim/DTAsolvers/DTAsolvers.py,uxsimDTAsolvers.DTAsolvers.SolverDSO_GA,s.func_World,WRITE
SolverDSO_GA,distrib/UXsim/uxsim/DTAsolvers/DTAsolvers.py,uxsimDTAsolvers.DTAsolvers.SolverDSO_GA,s.W_sol,WRITE
SolverDSO_GA,distrib/UXsim/uxsim/DTAsolvers/DTAsolvers.py,uxsimDTAsolvers.DTAsolvers.SolverDSO_GA,s.W_intermid_solution,WRITE
SolverDSO_GA,distrib/UXsim/uxsim/DTAsolvers/DTAsolvers.py,uxsimDTAsolvers.DTAsolvers.SolverDSO_GA,s.dfs_link,WRITE
TripRequest,distrib/UXsim/uxsim/TaxiHandler/TaxiHandler.py,uxsimTaxiHandler.TaxiHandler.TripRequest,s.W,WRITE
TripRequest,distrib/UXsim/uxsim/TaxiHandler/TaxiHandler.py,uxsimTaxiHandler.TaxiHandler.TripRequest,s.H,WRITE
TripRequest,distrib/UXsim/uxsim/TaxiHandler/TaxiHandler.py,uxsimTaxiHandler.TaxiHandler.TripRequest,s.orig,WRITE
TripRequest,distrib/UXsim/uxsim/TaxiHandler/TaxiHandler.py,uxsimTaxiHandler.TaxiHandler.TripRequest,s.dest,WRITE
TripRequest,distrib/UXsim/uxsim/TaxiHandler/TaxiHandler.py,uxsimTaxiHandler.TaxiHandler.TripRequest,s.depart_time,WRITE
TripRequest,distrib/UXsim/uxsim/TaxiHandler/TaxiHandler.py,uxsimTaxiHandler.TaxiHandler.TripRequest,s.attribute,WRITE
TripRequest,distrib/UXsim/uxsim/TaxiHandler/TaxiHandler.py,uxsimTaxiHandler.TaxiHandler.TripRequest,s.name,WRITE
TripRequest,distrib/UXsim/uxsim/TaxiHandler/TaxiHandler.py,uxsimTaxiHandler.TaxiHandler.TripRequest,s.get_taxi_time,WRITE
TripRequest,distrib/UXsim/uxsim/TaxiHandler/TaxiHandler.py,uxsimTaxiHandler.TaxiHandler.TripRequest,s.arrival_time,WRITE
TripRequest,distrib/UXsim/uxsim/TaxiHandler/TaxiHandler.py,uxsimTaxiHandler.TaxiHandler.TripRequest,s.taxi,WRITE
TaxiHandler,distrib/UXsim/uxsim/TaxiHandler/TaxiHandler.py,uxsimTaxiHandler.TaxiHandler.TaxiHandler,s.trip_requests,WRITE
TaxiHandler,distrib/UXsim/uxsim/TaxiHandler/TaxiHandler.py,uxsimTaxiHandler.TaxiHandler.TaxiHandler,s.trip_requests_all,WRITE
TaxiHandler,distrib/UXsim/uxsim/TaxiHandler/TaxiHandler.py,uxsimTaxiHandler.TaxiHandler.TaxiHandler,s.W,WRITE
TaxiHandler_nearest_matching_radious,distrib/UXsim/uxsim/TaxiHandler/TaxiHandler.py,uxsimTaxiHandler.TaxiHandler.TaxiHandler_nearest_matching_radious,s.matching_radious,WRITE
example_10en_signal_4legged_intersection.py,distrib/UXsim/demos_and_examples/example_10en_signal_4legged_intersection.py,example_10en_signal_4legged_intersection,seed,WRITE
example_10en_signal_4legged_intersection.py,distrib/UXsim/demos_and_examples/example_10en_signal_4legged_intersection.py,example_10en_signal_4legged_intersection,W,WRITE
example_10en_signal_4legged_intersection.py,distrib/UXsim/demos_and_examples/example_10en_signal_4legged_intersection.py,example_10en_signal_4legged_intersection,II,WRITE
example_10en_signal_4legged_intersection.py,distrib/UXsim/demos_and_examples/example_10en_signal_4legged_intersection.py,example_10en_signal_4legged_intersection,EE,WRITE
example_10en_signal_4legged_intersection.py,distrib/UXsim/demos_and_examples/example_10en_signal_4legged_intersection.py,example_10en_signal_4legged_intersection,WW,WRITE
example_10en_signal_4legged_intersection.py,distrib/UXsim/demos_and_examples/example_10en_signal_4legged_intersection.py,example_10en_signal_4legged_intersection,SS,WRITE
example_10en_signal_4legged_intersection.py,distrib/UXsim/demos_and_examples/example_10en_signal_4legged_intersection.py,example_10en_signal_4legged_intersection,NN,WRITE
example_10en_signal_4legged_intersection.py,distrib/UXsim/demos_and_examples/example_10en_signal_4legged_intersection.py,example_10en_signal_4legged_intersection,dt,WRITE
example_21en_modal_share_private_car_and_carsharing.py,distrib/UXsim/demos_and_examples/example_21en_modal_share_private_car_and_carsharing.py,example_21en_modal_share_private_car_and_carsharing,tmax,WRITE
example_21en_modal_share_private_car_and_carsharing.py,distrib/UXsim/demos_and_examples/example_21en_modal_share_private_car_and_carsharing.py,example_21en_modal_share_private_car_and_carsharing,deltan,WRITE
example_21en_modal_share_private_car_and_carsharing.py,distrib/UXsim/demos_and_examples/example_21en_modal_share_private_car_and_carsharing.py,example_21en_modal_share_private_car_and_carsharing,W,WRITE
example_21en_modal_share_private_car_and_carsharing.py,distrib/UXsim/demos_and_examples/example_21en_modal_share_private_car_and_carsharing.py,example_21en_modal_share_private_car_and_carsharing,imax,WRITE
example_21en_modal_share_private_car_and_carsharing.py,distrib/UXsim/demos_and_examples/example_21en_modal_share_private_car_and_carsharing.py,example_21en_modal_share_private_car_and_carsharing,jmax,WRITE
example_21en_modal_share_private_car_and_carsharing.py,distrib/UXsim/demos_and_examples/example_21en_modal_share_private_car_and_carsharing.py,example_21en_modal_share_private_car_and_carsharing,nodes,WRITE
example_21en_modal_share_private_car_and_carsharing.py,distrib/UXsim/demos_and_examples/example_21en_modal_share_private_car_and_carsharing.py,example_21en_modal_share_private_car_and_carsharing,links,WRITE
example_21en_modal_share_private_car_and_carsharing.py,distrib/UXsim/demos_and_examples/example_21en_modal_share_private_car_and_carsharing.py,example_21en_modal_share_private_car_and_carsharing,Handler,WRITE
example_21en_modal_share_private_car_and_carsharing.py,distrib/UXsim/demos_and_examples/example_21en_modal_share_private_car_and_carsharing.py,example_21en_modal_share_private_car_and_carsharing,n_total_demand,WRITE
example_21en_modal_share_private_car_and_carsharing.py,distrib/UXsim/demos_and_examples/example_21en_modal_share_private_car_and_carsharing.py,example_21en_modal_share_private_car_and_carsharing,n_car_travelers,WRITE
example_21en_modal_share_private_car_and_carsharing.py,distrib/UXsim/demos_and_examples/example_21en_modal_share_private_car_and_carsharing.py,example_21en_modal_share_private_car_and_carsharing,n_taxi_travelers,WRITE
example_21en_modal_share_private_car_and_carsharing.py,distrib/UXsim/demos_and_examples/example_21en_modal_share_private_car_and_carsharing.py,example_21en_modal_share_private_car_and_carsharing,n_taxis,WRITE
example_27jp_interactive_simulation_by_streamlit.py,distrib/UXsim/demos_and_examples/example_27jp_interactive_simulation_by_streamlit.py,example_27jp_interactive_simulation_by_streamlit,initial_sim,WRITE
example_27jp_interactive_simulation_by_streamlit.py,distrib/UXsim/demos_and_examples/example_27jp_interactive_simulation_by_streamlit.py,example_27jp_interactive_simulation_by_streamlit,fig1,WRITE
example_27jp_interactive_simulation_by_streamlit.py,distrib/UXsim/demos_and_examples/example_27jp_interactive_simulation_by_streamlit.py,example_27jp_interactive_simulation_by_streamlit,demand_flow,WRITE
example_27jp_interactive_simulation_by_streamlit.py,distrib/UXsim/demos_and_examples/example_27jp_interactive_simulation_by_streamlit.py,example_27jp_interactive_simulation_by_streamlit,green_split,WRITE
example_27jp_interactive_simulation_by_streamlit.py,distrib/UXsim/demos_and_examples/example_27jp_interactive_simulation_by_streamlit.py,example_27jp_interactive_simulation_by_streamlit,o3,WRITE
example_27jp_interactive_simulation_by_streamlit.py,distrib/UXsim/demos_and_examples/example_27jp_interactive_simulation_by_streamlit.py,example_27jp_interactive_simulation_by_streamlit,o2,WRITE
example_27jp_interactive_simulation_by_streamlit.py,distrib/UXsim/demos_and_examples/example_27jp_interactive_simulation_by_streamlit.py,example_27jp_interactive_simulation_by_streamlit,o1,WRITE
example_27jp_interactive_simulation_by_streamlit.py,distrib/UXsim/demos_and_examples/example_27jp_interactive_simulation_by_streamlit.py,example_27jp_interactive_simulation_by_streamlit,sim,WRITE
example_27jp_interactive_simulation_by_streamlit.py,distrib/UXsim/demos_and_examples/example_27jp_interactive_simulation_by_streamlit.py,example_27jp_interactive_simulation_by_streamlit,stats,WRITE
example_27jp_interactive_simulation_by_streamlit.py,distrib/UXsim/demos_and_examples/example_27jp_interactive_simulation_by_streamlit.py,example_27jp_interactive_simulation_by_streamlit,fig2,WRITE
example_14en_multiple_signals_Deep_Reinforcement_Learning_pytorch.py,distrib/UXsim/demos_and_examples/example_14en_multiple_signals_Deep_Reinforcement_Learning_pytorch.py,example_14en_multiple_signals_Deep_Reinforcement_Learning_pytorch,os.environ,WRITE
example_14en_multiple_signals_Deep_Reinforcement_Learning_pytorch.py,distrib/UXsim/demos_and_examples/example_14en_multiple_signals_Deep_Reinforcement_Learning_pytorch.py,example_14en_multiple_signals_Deep_Reinforcement_Learning_pytorch,device,WRITE
example_14en_multiple_signals_Deep_Reinforcement_Learning_pytorch.py,distrib/UXsim/demos_and_examples/example_14en_multiple_signals_Deep_Reinforcement_Learning_pytorch.py,example_14en_multiple_signals_Deep_Reinforcement_Learning_pytorch,env,WRITE
example_14en_multiple_signals_Deep_Reinforcement_Learning_pytorch.py,distrib/UXsim/demos_and_examples/example_14en_multiple_signals_Deep_Reinforcement_Learning_pytorch.py,example_14en_multiple_signals_Deep_Reinforcement_Learning_pytorch,Transition,WRITE
example_14en_multiple_signals_Deep_Reinforcement_Learning_pytorch.py,distrib/UXsim/demos_and_examples/example_14en_multiple_signals_Deep_Reinforcement_Learning_pytorch.py,example_14en_multiple_signals_Deep_Reinforcement_Learning_pytorch,BATCH_SIZE,WRITE
example_14en_multiple_signals_Deep_Reinforcement_Learning_pytorch.py,distrib/UXsim/demos_and_examples/example_14en_multiple_signals_Deep_Reinforcement_Learning_pytorch.py,example_14en_multiple_signals_Deep_Reinforcement_Learning_pytorch,GAMMA,WRITE
example_14en_multiple_signals_Deep_Reinforcement_Learning_pytorch.py,distrib/UXsim/demos_and_examples/example_14en_multiple_signals_Deep_Reinforcement_Learning_pytorch.py,example_14en_multiple_signals_Deep_Reinforcement_Learning_pytorch,EPS_START,WRITE
example_14en_multiple_signals_Deep_Reinforcement_Learning_pytorch.py,distrib/UXsim/demos_and_examples/example_14en_multiple_signals_Deep_Reinforcement_Learning_pytorch.py,example_14en_multiple_signals_Deep_Reinforcement_Learning_pytorch,EPS_END,WRITE
example_14en_multiple_signals_Deep_Reinforcement_Learning_pytorch.py,distrib/UXsim/demos_and_examples/example_14en_multiple_signals_Deep_Reinforcement_Learning_pytorch.py,example_14en_multiple_signals_Deep_Reinforcement_Learning_pytorch,EPS_DECAY,WRITE
example_14en_multiple_signals_Deep_Reinforcement_Learning_pytorch.py,distrib/UXsim/demos_and_examples/example_14en_multiple_signals_Deep_Reinforcement_Learning_pytorch.py,example_14en_multiple_signals_Deep_Reinforcement_Learning_pytorch,TAU,WRITE
example_14en_multiple_signals_Deep_Reinforcement_Learning_pytorch.py,distrib/UXsim/demos_and_examples/example_14en_multiple_signals_Deep_Reinforcement_Learning_pytorch.py,example_14en_multiple_signals_Deep_Reinforcement_Learning_pytorch,LR,WRITE
example_14en_multiple_signals_Deep_Reinforcement_Learning_pytorch.py,distrib/UXsim/demos_and_examples/example_14en_multiple_signals_Deep_Reinforcement_Learning_pytorch.py,example_14en_multiple_signals_Deep_Reinforcement_Learning_pytorch,n_actions,WRITE
example_14en_multiple_signals_Deep_Reinforcement_Learning_pytorch.py,distrib/UXsim/demos_and_examples/example_14en_multiple_signals_Deep_Reinforcement_Learning_pytorch.py,example_14en_multiple_signals_Deep_Reinforcement_Learning_pytorch,state,WRITE
example_14en_multiple_signals_Deep_Reinforcement_Learning_pytorch.py,distrib/UXsim/demos_and_examples/example_14en_multiple_signals_Deep_Reinforcement_Learning_pytorch.py,example_14en_multiple_signals_Deep_Reinforcement_Learning_pytorch,info,WRITE
example_14en_multiple_signals_Deep_Reinforcement_Learning_pytorch.py,distrib/UXsim/demos_and_examples/example_14en_multiple_signals_Deep_Reinforcement_Learning_pytorch.py,example_14en_multiple_signals_Deep_Reinforcement_Learning_pytorch,n_observations,WRITE
example_14en_multiple_signals_Deep_Reinforcement_Learning_pytorch.py,distrib/UXsim/demos_and_examples/example_14en_multiple_signals_Deep_Reinforcement_Learning_pytorch.py,example_14en_multiple_signals_Deep_Reinforcement_Learning_pytorch,policy_net,WRITE
example_14en_multiple_signals_Deep_Reinforcement_Learning_pytorch.py,distrib/UXsim/demos_and_examples/example_14en_multiple_signals_Deep_Reinforcement_Learning_pytorch.py,example_14en_multiple_signals_Deep_Reinforcement_Learning_pytorch,target_net,WRITE
example_14en_multiple_signals_Deep_Reinforcement_Learning_pytorch.py,distrib/UXsim/demos_and_examples/example_14en_multiple_signals_Deep_Reinforcement_Learning_pytorch.py,example_14en_multiple_signals_Deep_Reinforcement_Learning_pytorch,optimizer,WRITE
example_14en_multiple_signals_Deep_Reinforcement_Learning_pytorch.py,distrib/UXsim/demos_and_examples/example_14en_multiple_signals_Deep_Reinforcement_Learning_pytorch.py,example_14en_multiple_signals_Deep_Reinforcement_Learning_pytorch,memory,WRITE
example_14en_multiple_signals_Deep_Reinforcement_Learning_pytorch.py,distrib/UXsim/demos_and_examples/example_14en_multiple_signals_Deep_Reinforcement_Learning_pytorch.py,example_14en_multiple_signals_Deep_Reinforcement_Learning_pytorch,steps_done,WRITE
example_14en_multiple_signals_Deep_Reinforcement_Learning_pytorch.py,distrib/UXsim/demos_and_examples/example_14en_multiple_signals_Deep_Reinforcement_Learning_pytorch.py,example_14en_multiple_signals_Deep_Reinforcement_Learning_pytorch,num_episodes,WRITE
example_14en_multiple_signals_Deep_Reinforcement_Learning_pytorch.py,distrib/UXsim/demos_and_examples/example_14en_multiple_signals_Deep_Reinforcement_Learning_pytorch.py,example_14en_multiple_signals_Deep_Reinforcement_Learning_pytorch,log_states,WRITE
example_14en_multiple_signals_Deep_Reinforcement_Learning_pytorch.py,distrib/UXsim/demos_and_examples/example_14en_multiple_signals_Deep_Reinforcement_Learning_pytorch.py,example_14en_multiple_signals_Deep_Reinforcement_Learning_pytorch,log_epi_average_delay,WRITE
example_14en_multiple_signals_Deep_Reinforcement_Learning_pytorch.py,distrib/UXsim/demos_and_examples/example_14en_multiple_signals_Deep_Reinforcement_Learning_pytorch.py,example_14en_multiple_signals_Deep_Reinforcement_Learning_pytorch,best_average_delay,WRITE
example_14en_multiple_signals_Deep_Reinforcement_Learning_pytorch.py,distrib/UXsim/demos_and_examples/example_14en_multiple_signals_Deep_Reinforcement_Learning_pytorch.py,example_14en_multiple_signals_Deep_Reinforcement_Learning_pytorch,best_W,WRITE
example_14en_multiple_signals_Deep_Reinforcement_Learning_pytorch.py,distrib/UXsim/demos_and_examples/example_14en_multiple_signals_Deep_Reinforcement_Learning_pytorch.py,example_14en_multiple_signals_Deep_Reinforcement_Learning_pytorch,best_i_episode,WRITE
example_13en_multiple_signals.py,distrib/UXsim/demos_and_examples/example_13en_multiple_signals.py,example_13en_multiple_signals,seed,WRITE
example_13en_multiple_signals.py,distrib/UXsim/demos_and_examples/example_13en_multiple_signals.py,example_13en_multiple_signals,W,WRITE
example_13en_multiple_signals.py,distrib/UXsim/demos_and_examples/example_13en_multiple_signals.py,example_13en_multiple_signals,I1,WRITE
example_13en_multiple_signals.py,distrib/UXsim/demos_and_examples/example_13en_multiple_signals.py,example_13en_multiple_signals,I2,WRITE
example_13en_multiple_signals.py,distrib/UXsim/demos_and_examples/example_13en_multiple_signals.py,example_13en_multiple_signals,I3,WRITE
example_13en_multiple_signals.py,distrib/UXsim/demos_and_examples/example_13en_multiple_signals.py,example_13en_multiple_signals,I4,WRITE
example_13en_multiple_signals.py,distrib/UXsim/demos_and_examples/example_13en_multiple_signals.py,example_13en_multiple_signals,W1,WRITE
example_13en_multiple_signals.py,distrib/UXsim/demos_and_examples/example_13en_multiple_signals.py,example_13en_multiple_signals,W2,WRITE
example_13en_multiple_signals.py,distrib/UXsim/demos_and_examples/example_13en_multiple_signals.py,example_13en_multiple_signals,E1,WRITE
example_13en_multiple_signals.py,distrib/UXsim/demos_and_examples/example_13en_multiple_signals.py,example_13en_multiple_signals,E2,WRITE
example_13en_multiple_signals.py,distrib/UXsim/demos_and_examples/example_13en_multiple_signals.py,example_13en_multiple_signals,N1,WRITE
example_13en_multiple_signals.py,distrib/UXsim/demos_and_examples/example_13en_multiple_signals.py,example_13en_multiple_signals,N2,WRITE
example_13en_multiple_signals.py,distrib/UXsim/demos_and_examples/example_13en_multiple_signals.py,example_13en_multiple_signals,S1,WRITE
example_13en_multiple_signals.py,distrib/UXsim/demos_and_examples/example_13en_multiple_signals.py,example_13en_multiple_signals,S2,WRITE
example_13en_multiple_signals.py,distrib/UXsim/demos_and_examples/example_13en_multiple_signals.py,example_13en_multiple_signals,dt,WRITE
example_13en_multiple_signals.py,distrib/UXsim/demos_and_examples/example_13en_multiple_signals.py,example_13en_multiple_signals,demand,WRITE
example_11en_signal_4legged_intersection_reactive_control.py,distrib/UXsim/demos_and_examples/example_11en_signal_4legged_intersection_reactive_control.py,example_11en_signal_4legged_intersection_reactive_control,seed,WRITE
example_11en_signal_4legged_intersection_reactive_control.py,distrib/UXsim/demos_and_examples/example_11en_signal_4legged_intersection_reactive_control.py,example_11en_signal_4legged_intersection_reactive_control,W,WRITE
example_11en_signal_4legged_intersection_reactive_control.py,distrib/UXsim/demos_and_examples/example_11en_signal_4legged_intersection_reactive_control.py,example_11en_signal_4legged_intersection_reactive_control,II,WRITE
example_11en_signal_4legged_intersection_reactive_control.py,distrib/UXsim/demos_and_examples/example_11en_signal_4legged_intersection_reactive_control.py,example_11en_signal_4legged_intersection_reactive_control,EE,WRITE
example_11en_signal_4legged_intersection_reactive_control.py,distrib/UXsim/demos_and_examples/example_11en_signal_4legged_intersection_reactive_control.py,example_11en_signal_4legged_intersection_reactive_control,WW,WRITE
example_11en_signal_4legged_intersection_reactive_control.py,distrib/UXsim/demos_and_examples/example_11en_signal_4legged_intersection_reactive_control.py,example_11en_signal_4legged_intersection_reactive_control,SS,WRITE
example_11en_signal_4legged_intersection_reactive_control.py,distrib/UXsim/demos_and_examples/example_11en_signal_4legged_intersection_reactive_control.py,example_11en_signal_4legged_intersection_reactive_control,NN,WRITE
example_11en_signal_4legged_intersection_reactive_control.py,distrib/UXsim/demos_and_examples/example_11en_signal_4legged_intersection_reactive_control.py,example_11en_signal_4legged_intersection_reactive_control,dt,WRITE
example_07en_signal.py,distrib/UXsim/demos_and_examples/example_07en_signal.py,example_07en_signal,W,WRITE
example_03en_data_loading_sioux_falls_network.py,distrib/UXsim/demos_and_examples/example_03en_data_loading_sioux_falls_network.py,example_03en_data_loading_sioux_falls_network,W,WRITE
example_04en_automatic_network_generation.py,distrib/UXsim/demos_and_examples/example_04en_automatic_network_generation.py,example_04en_automatic_network_generation,W,WRITE
example_04en_automatic_network_generation.py,distrib/UXsim/demos_and_examples/example_04en_automatic_network_generation.py,example_04en_automatic_network_generation,imax,WRITE
example_04en_automatic_network_generation.py,distrib/UXsim/demos_and_examples/example_04en_automatic_network_generation.py,example_04en_automatic_network_generation,jmax,WRITE
example_04en_automatic_network_generation.py,distrib/UXsim/demos_and_examples/example_04en_automatic_network_generation.py,example_04en_automatic_network_generation,nodes,WRITE
example_04en_automatic_network_generation.py,distrib/UXsim/demos_and_examples/example_04en_automatic_network_generation.py,example_04en_automatic_network_generation,links,WRITE
example_04en_automatic_network_generation.py,distrib/UXsim/demos_and_examples/example_04en_automatic_network_generation.py,example_04en_automatic_network_generation,demand_flow,WRITE
example_04en_automatic_network_generation.py,distrib/UXsim/demos_and_examples/example_04en_automatic_network_generation.py,example_04en_automatic_network_generation,demand_duration,WRITE
example_12en_signal_4legged_intersection_Deep_Reinforcement_Learning_pytorch_control.py,distrib/UXsim/demos_and_examples/example_12en_signal_4legged_intersection_Deep_Reinforcement_Learning_pytorch_control.py,example_12en_signal_4legged_intersection_Deep_Reinforcement_Learning_pytorch_control,os.environ,WRITE
example_12en_signal_4legged_intersection_Deep_Reinforcement_Learning_pytorch_control.py,distrib/UXsim/demos_and_examples/example_12en_signal_4legged_intersection_Deep_Reinforcement_Learning_pytorch_control.py,example_12en_signal_4legged_intersection_Deep_Reinforcement_Learning_pytorch_control,device,WRITE
example_12en_signal_4legged_intersection_Deep_Reinforcement_Learning_pytorch_control.py,distrib/UXsim/demos_and_examples/example_12en_signal_4legged_intersection_Deep_Reinforcement_Learning_pytorch_control.py,example_12en_signal_4legged_intersection_Deep_Reinforcement_Learning_pytorch_control,env,WRITE
example_12en_signal_4legged_intersection_Deep_Reinforcement_Learning_pytorch_control.py,distrib/UXsim/demos_and_examples/example_12en_signal_4legged_intersection_Deep_Reinforcement_Learning_pytorch_control.py,example_12en_signal_4legged_intersection_Deep_Reinforcement_Learning_pytorch_control,Transition,WRITE
example_12en_signal_4legged_intersection_Deep_Reinforcement_Learning_pytorch_control.py,distrib/UXsim/demos_and_examples/example_12en_signal_4legged_intersection_Deep_Reinforcement_Learning_pytorch_control.py,example_12en_signal_4legged_intersection_Deep_Reinforcement_Learning_pytorch_control,BATCH_SIZE,WRITE
example_12en_signal_4legged_intersection_Deep_Reinforcement_Learning_pytorch_control.py,distrib/UXsim/demos_and_examples/example_12en_signal_4legged_intersection_Deep_Reinforcement_Learning_pytorch_control.py,example_12en_signal_4legged_intersection_Deep_Reinforcement_Learning_pytorch_control,GAMMA,WRITE
example_12en_signal_4legged_intersection_Deep_Reinforcement_Learning_pytorch_control.py,distrib/UXsim/demos_and_examples/example_12en_signal_4legged_intersection_Deep_Reinforcement_Learning_pytorch_control.py,example_12en_signal_4legged_intersection_Deep_Reinforcement_Learning_pytorch_control,EPS_START,WRITE
example_12en_signal_4legged_intersection_Deep_Reinforcement_Learning_pytorch_control.py,distrib/UXsim/demos_and_examples/example_12en_signal_4legged_intersection_Deep_Reinforcement_Learning_pytorch_control.py,example_12en_signal_4legged_intersection_Deep_Reinforcement_Learning_pytorch_control,EPS_END,WRITE
example_12en_signal_4legged_intersection_Deep_Reinforcement_Learning_pytorch_control.py,distrib/UXsim/demos_and_examples/example_12en_signal_4legged_intersection_Deep_Reinforcement_Learning_pytorch_control.py,example_12en_signal_4legged_intersection_Deep_Reinforcement_Learning_pytorch_control,EPS_DECAY,WRITE
example_12en_signal_4legged_intersection_Deep_Reinforcement_Learning_pytorch_control.py,distrib/UXsim/demos_and_examples/example_12en_signal_4legged_intersection_Deep_Reinforcement_Learning_pytorch_control.py,example_12en_signal_4legged_intersection_Deep_Reinforcement_Learning_pytorch_control,TAU,WRITE
example_12en_signal_4legged_intersection_Deep_Reinforcement_Learning_pytorch_control.py,distrib/UXsim/demos_and_examples/example_12en_signal_4legged_intersection_Deep_Reinforcement_Learning_pytorch_control.py,example_12en_signal_4legged_intersection_Deep_Reinforcement_Learning_pytorch_control,LR,WRITE
example_12en_signal_4legged_intersection_Deep_Reinforcement_Learning_pytorch_control.py,distrib/UXsim/demos_and_examples/example_12en_signal_4legged_intersection_Deep_Reinforcement_Learning_pytorch_control.py,example_12en_signal_4legged_intersection_Deep_Reinforcement_Learning_pytorch_control,n_actions,WRITE
example_12en_signal_4legged_intersection_Deep_Reinforcement_Learning_pytorch_control.py,distrib/UXsim/demos_and_examples/example_12en_signal_4legged_intersection_Deep_Reinforcement_Learning_pytorch_control.py,example_12en_signal_4legged_intersection_Deep_Reinforcement_Learning_pytorch_control,state,WRITE
example_12en_signal_4legged_intersection_Deep_Reinforcement_Learning_pytorch_control.py,distrib/UXsim/demos_and_examples/example_12en_signal_4legged_intersection_Deep_Reinforcement_Learning_pytorch_control.py,example_12en_signal_4legged_intersection_Deep_Reinforcement_Learning_pytorch_control,info,WRITE
example_12en_signal_4legged_intersection_Deep_Reinforcement_Learning_pytorch_control.py,distrib/UXsim/demos_and_examples/example_12en_signal_4legged_intersection_Deep_Reinforcement_Learning_pytorch_control.py,example_12en_signal_4legged_intersection_Deep_Reinforcement_Learning_pytorch_control,n_observations,WRITE
example_12en_signal_4legged_intersection_Deep_Reinforcement_Learning_pytorch_control.py,distrib/UXsim/demos_and_examples/example_12en_signal_4legged_intersection_Deep_Reinforcement_Learning_pytorch_control.py,example_12en_signal_4legged_intersection_Deep_Reinforcement_Learning_pytorch_control,policy_net,WRITE
example_12en_signal_4legged_intersection_Deep_Reinforcement_Learning_pytorch_control.py,distrib/UXsim/demos_and_examples/example_12en_signal_4legged_intersection_Deep_Reinforcement_Learning_pytorch_control.py,example_12en_signal_4legged_intersection_Deep_Reinforcement_Learning_pytorch_control,target_net,WRITE
example_12en_signal_4legged_intersection_Deep_Reinforcement_Learning_pytorch_control.py,distrib/UXsim/demos_and_examples/example_12en_signal_4legged_intersection_Deep_Reinforcement_Learning_pytorch_control.py,example_12en_signal_4legged_intersection_Deep_Reinforcement_Learning_pytorch_control,optimizer,WRITE
example_12en_signal_4legged_intersection_Deep_Reinforcement_Learning_pytorch_control.py,distrib/UXsim/demos_and_examples/example_12en_signal_4legged_intersection_Deep_Reinforcement_Learning_pytorch_control.py,example_12en_signal_4legged_intersection_Deep_Reinforcement_Learning_pytorch_control,memory,WRITE
example_12en_signal_4legged_intersection_Deep_Reinforcement_Learning_pytorch_control.py,distrib/UXsim/demos_and_examples/example_12en_signal_4legged_intersection_Deep_Reinforcement_Learning_pytorch_control.py,example_12en_signal_4legged_intersection_Deep_Reinforcement_Learning_pytorch_control,steps_done,WRITE
example_12en_signal_4legged_intersection_Deep_Reinforcement_Learning_pytorch_control.py,distrib/UXsim/demos_and_examples/example_12en_signal_4legged_intersection_Deep_Reinforcement_Learning_pytorch_control.py,example_12en_signal_4legged_intersection_Deep_Reinforcement_Learning_pytorch_control,num_episodes,WRITE
example_12en_signal_4legged_intersection_Deep_Reinforcement_Learning_pytorch_control.py,distrib/UXsim/demos_and_examples/example_12en_signal_4legged_intersection_Deep_Reinforcement_Learning_pytorch_control.py,example_12en_signal_4legged_intersection_Deep_Reinforcement_Learning_pytorch_control,log_states,WRITE
example_12en_signal_4legged_intersection_Deep_Reinforcement_Learning_pytorch_control.py,distrib/UXsim/demos_and_examples/example_12en_signal_4legged_intersection_Deep_Reinforcement_Learning_pytorch_control.py,example_12en_signal_4legged_intersection_Deep_Reinforcement_Learning_pytorch_control,log_epi_average_delay,WRITE
example_07jp_signal.py,distrib/UXsim/demos_and_examples/example_07jp_signal.py,example_07jp_signal,W,WRITE
example_19en_multilane_link.py,distrib/UXsim/demos_and_examples/example_19en_multilane_link.py,example_19en_multilane_link,W,WRITE
example_19en_multilane_link.py,distrib/UXsim/demos_and_examples/example_19en_multilane_link.py,example_19en_multilane_link,link1,WRITE
example_19en_multilane_link.py,distrib/UXsim/demos_and_examples/example_19en_multilane_link.py,example_19en_multilane_link,link2,WRITE
example_19en_multilane_link.py,distrib/UXsim/demos_and_examples/example_19en_multilane_link.py,example_19en_multilane_link,df,WRITE
example_01jp_basic.py,distrib/UXsim/demos_and_examples/example_01jp_basic.py,example_01jp_basic,W,WRITE
example_01jp_basic.py,distrib/UXsim/demos_and_examples/example_01jp_basic.py,example_01jp_basic,node_orig2,WRITE
example_01jp_basic.py,distrib/UXsim/demos_and_examples/example_01jp_basic.py,example_01jp_basic,link3,WRITE
example_03jp_data_loading_sioux_falls_network.py,distrib/UXsim/demos_and_examples/example_03jp_data_loading_sioux_falls_network.py,example_03jp_data_loading_sioux_falls_network,W,WRITE
example_08jp_signal_reactive_control.py,distrib/UXsim/demos_and_examples/example_08jp_signal_reactive_control.py,example_08jp_signal_reactive_control,W,WRITE
example_08jp_signal_reactive_control.py,distrib/UXsim/demos_and_examples/example_08jp_signal_reactive_control.py,example_08jp_signal_reactive_control,node_signal,WRITE
example_26en_dynamic_traffic_assignment_DUO_DUE_DSO.py,distrib/UXsim/demos_and_examples/example_26en_dynamic_traffic_assignment_DUO_DUE_DSO.py,example_26en_dynamic_traffic_assignment_DUO_DUE_DSO,W,WRITE
example_26en_dynamic_traffic_assignment_DUO_DUE_DSO.py,distrib/UXsim/demos_and_examples/example_26en_dynamic_traffic_assignment_DUO_DUE_DSO.py,example_26en_dynamic_traffic_assignment_DUO_DUE_DSO,df_DUO,WRITE
example_26en_dynamic_traffic_assignment_DUO_DUE_DSO.py,distrib/UXsim/demos_and_examples/example_26en_dynamic_traffic_assignment_DUO_DUE_DSO.py,example_26en_dynamic_traffic_assignment_DUO_DUE_DSO,solver_DUE,WRITE
example_26en_dynamic_traffic_assignment_DUO_DUE_DSO.py,distrib/UXsim/demos_and_examples/example_26en_dynamic_traffic_assignment_DUO_DUE_DSO.py,example_26en_dynamic_traffic_assignment_DUO_DUE_DSO,W_DUE,WRITE
example_26en_dynamic_traffic_assignment_DUO_DUE_DSO.py,distrib/UXsim/demos_and_examples/example_26en_dynamic_traffic_assignment_DUO_DUE_DSO.py,example_26en_dynamic_traffic_assignment_DUO_DUE_DSO,df_DUE,WRITE
example_26en_dynamic_traffic_assignment_DUO_DUE_DSO.py,distrib/UXsim/demos_and_examples/example_26en_dynamic_traffic_assignment_DUO_DUE_DSO.py,example_26en_dynamic_traffic_assignment_DUO_DUE_DSO,solver_DSO,WRITE
example_26en_dynamic_traffic_assignment_DUO_DUE_DSO.py,distrib/UXsim/demos_and_examples/example_26en_dynamic_traffic_assignment_DUO_DUE_DSO.py,example_26en_dynamic_traffic_assignment_DUO_DUE_DSO,W_DSO,WRITE
example_26en_dynamic_traffic_assignment_DUO_DUE_DSO.py,distrib/UXsim/demos_and_examples/example_26en_dynamic_traffic_assignment_DUO_DUE_DSO.py,example_26en_dynamic_traffic_assignment_DUO_DUE_DSO,df_DSO,WRITE
example_06jp_dynamic_parameter_change.py,distrib/UXsim/demos_and_examples/example_06jp_dynamic_parameter_change.py,example_06jp_dynamic_parameter_change,W,WRITE
example_06jp_dynamic_parameter_change.py,distrib/UXsim/demos_and_examples/example_06jp_dynamic_parameter_change.py,example_06jp_dynamic_parameter_change,link1,WRITE
example_06jp_dynamic_parameter_change.py,distrib/UXsim/demos_and_examples/example_06jp_dynamic_parameter_change.py,example_06jp_dynamic_parameter_change,link2,WRITE
example_06jp_dynamic_parameter_change.py,distrib/UXsim/demos_and_examples/example_06jp_dynamic_parameter_change.py,example_06jp_dynamic_parameter_change,link3,WRITE
example_16en_import_from_OpenStreetMap.py,distrib/UXsim/demos_and_examples/example_16en_import_from_OpenStreetMap.py,example_16en_import_from_OpenStreetMap,W,WRITE
example_16en_import_from_OpenStreetMap.py,distrib/UXsim/demos_and_examples/example_16en_import_from_OpenStreetMap.py,example_16en_import_from_OpenStreetMap,nodes,WRITE
example_16en_import_from_OpenStreetMap.py,distrib/UXsim/demos_and_examples/example_16en_import_from_OpenStreetMap.py,example_16en_import_from_OpenStreetMap,links,WRITE
example_16en_import_from_OpenStreetMap.py,distrib/UXsim/demos_and_examples/example_16en_import_from_OpenStreetMap.py,example_16en_import_from_OpenStreetMap,nodes,WRITE
example_16en_import_from_OpenStreetMap.py,distrib/UXsim/demos_and_examples/example_16en_import_from_OpenStreetMap.py,example_16en_import_from_OpenStreetMap,links,WRITE
example_01en_basic.py,distrib/UXsim/demos_and_examples/example_01en_basic.py,example_01en_basic,W,WRITE
example_01en_basic.py,distrib/UXsim/demos_and_examples/example_01en_basic.py,example_01en_basic,node_orig2,WRITE
example_01en_basic.py,distrib/UXsim/demos_and_examples/example_01en_basic.py,example_01en_basic,link3,WRITE
example_06en_dynamic_parameter_change.py,distrib/UXsim/demos_and_examples/example_06en_dynamic_parameter_change.py,example_06en_dynamic_parameter_change,W,WRITE
example_06en_dynamic_parameter_change.py,distrib/UXsim/demos_and_examples/example_06en_dynamic_parameter_change.py,example_06en_dynamic_parameter_change,link1,WRITE
example_06en_dynamic_parameter_change.py,distrib/UXsim/demos_and_examples/example_06en_dynamic_parameter_change.py,example_06en_dynamic_parameter_change,link2,WRITE
example_06en_dynamic_parameter_change.py,distrib/UXsim/demos_and_examples/example_06en_dynamic_parameter_change.py,example_06en_dynamic_parameter_change,link3,WRITE
example_05en_gridlock_and_prevention.py,distrib/UXsim/demos_and_examples/example_05en_gridlock_and_prevention.py,example_05en_gridlock_and_prevention,W,WRITE
example_05en_gridlock_and_prevention.py,distrib/UXsim/demos_and_examples/example_05en_gridlock_and_prevention.py,example_05en_gridlock_and_prevention,W,WRITE
example_05en_gridlock_and_prevention.py,distrib/UXsim/demos_and_examples/example_05en_gridlock_and_prevention.py,example_05en_gridlock_and_prevention,W.get_link.merge_priority,WRITE
example_05en_gridlock_and_prevention.py,distrib/UXsim/demos_and_examples/example_05en_gridlock_and_prevention.py,example_05en_gridlock_and_prevention,W.get_link.merge_priority,WRITE
example_08en_signal_reactive_control.py,distrib/UXsim/demos_and_examples/example_08en_signal_reactive_control.py,example_08en_signal_reactive_control,W,WRITE
example_08en_signal_reactive_control.py,distrib/UXsim/demos_and_examples/example_08en_signal_reactive_control.py,example_08en_signal_reactive_control,node_signal,WRITE
example_20en_taxi_or_shared_mobility.py,distrib/UXsim/demos_and_examples/example_20en_taxi_or_shared_mobility.py,example_20en_taxi_or_shared_mobility,tmax,WRITE
example_20en_taxi_or_shared_mobility.py,distrib/UXsim/demos_and_examples/example_20en_taxi_or_shared_mobility.py,example_20en_taxi_or_shared_mobility,deltan,WRITE
example_20en_taxi_or_shared_mobility.py,distrib/UXsim/demos_and_examples/example_20en_taxi_or_shared_mobility.py,example_20en_taxi_or_shared_mobility,W,WRITE
example_20en_taxi_or_shared_mobility.py,distrib/UXsim/demos_and_examples/example_20en_taxi_or_shared_mobility.py,example_20en_taxi_or_shared_mobility,imax,WRITE
example_20en_taxi_or_shared_mobility.py,distrib/UXsim/demos_and_examples/example_20en_taxi_or_shared_mobility.py,example_20en_taxi_or_shared_mobility,jmax,WRITE
example_20en_taxi_or_shared_mobility.py,distrib/UXsim/demos_and_examples/example_20en_taxi_or_shared_mobility.py,example_20en_taxi_or_shared_mobility,nodes,WRITE
example_20en_taxi_or_shared_mobility.py,distrib/UXsim/demos_and_examples/example_20en_taxi_or_shared_mobility.py,example_20en_taxi_or_shared_mobility,links,WRITE
example_20en_taxi_or_shared_mobility.py,distrib/UXsim/demos_and_examples/example_20en_taxi_or_shared_mobility.py,example_20en_taxi_or_shared_mobility,n_passengers,WRITE
example_20en_taxi_or_shared_mobility.py,distrib/UXsim/demos_and_examples/example_20en_taxi_or_shared_mobility.py,example_20en_taxi_or_shared_mobility,n_taxis,WRITE
example_20en_taxi_or_shared_mobility.py,distrib/UXsim/demos_and_examples/example_20en_taxi_or_shared_mobility.py,example_20en_taxi_or_shared_mobility,Handler,WRITE
example_17en_result_GUI_viewer_sioux_falls.py,distrib/UXsim/demos_and_examples/example_17en_result_GUI_viewer_sioux_falls.py,example_17en_result_GUI_viewer_sioux_falls,W,WRITE
example_05jp_gridlock_and_prevention.py,distrib/UXsim/demos_and_examples/example_05jp_gridlock_and_prevention.py,example_05jp_gridlock_and_prevention,W,WRITE
example_05jp_gridlock_and_prevention.py,distrib/UXsim/demos_and_examples/example_05jp_gridlock_and_prevention.py,example_05jp_gridlock_and_prevention,W,WRITE
example_05jp_gridlock_and_prevention.py,distrib/UXsim/demos_and_examples/example_05jp_gridlock_and_prevention.py,example_05jp_gridlock_and_prevention,W.get_link.merge_priority,WRITE
example_05jp_gridlock_and_prevention.py,distrib/UXsim/demos_and_examples/example_05jp_gridlock_and_prevention.py,example_05jp_gridlock_and_prevention,W.get_link.merge_priority,WRITE
test_examples.py,distrib/UXsim/tests/test_examples.py,test_examples,examples_dir,WRITE
test_examples.py,distrib/UXsim/tests/test_examples.py,test_examples,nontest_files,WRITE
example_04jp_automatic_network_generation.py,distrib/UXsim/demos_and_examples/example_04jp_automatic_network_generation.py,example_04jp_automatic_network_generation,W,WRITE
example_04jp_automatic_network_generation.py,distrib/UXsim/demos_and_examples/example_04jp_automatic_network_generation.py,example_04jp_automatic_network_generation,imax,WRITE
example_04jp_automatic_network_generation.py,distrib/UXsim/demos_and_examples/example_04jp_automatic_network_generation.py,example_04jp_automatic_network_generation,jmax,WRITE
example_04jp_automatic_network_generation.py,distrib/UXsim/demos_and_examples/example_04jp_automatic_network_generation.py,example_04jp_automatic_network_generation,nodes,WRITE
example_04jp_automatic_network_generation.py,distrib/UXsim/demos_and_examples/example_04jp_automatic_network_generation.py,example_04jp_automatic_network_generation,links,WRITE
example_04jp_automatic_network_generation.py,distrib/UXsim/demos_and_examples/example_04jp_automatic_network_generation.py,example_04jp_automatic_network_generation,demand_flow,WRITE
example_04jp_automatic_network_generation.py,distrib/UXsim/demos_and_examples/example_04jp_automatic_network_generation.py,example_04jp_automatic_network_generation,demand_duration,WRITE
example_24en_user_defined_functions.py,distrib/UXsim/demos_and_examples/example_24en_user_defined_functions.py,example_24en_user_defined_functions,W,WRITE
example_24en_user_defined_functions.py,distrib/UXsim/demos_and_examples/example_24en_user_defined_functions.py,example_24en_user_defined_functions,W.VEHICLES.W.VEHICLES.user_attribute,WRITE
example_24en_user_defined_functions.py,distrib/UXsim/demos_and_examples/example_24en_user_defined_functions.py,example_24en_user_defined_functions,W.VEHICLES.W.VEHICLES.user_function,WRITE
example_24en_user_defined_functions.py,distrib/UXsim/demos_and_examples/example_24en_user_defined_functions.py,example_24en_user_defined_functions,W.VEHICLES.W.VEHICLES.user_attribute,WRITE
example_24en_user_defined_functions.py,distrib/UXsim/demos_and_examples/example_24en_user_defined_functions.py,example_24en_user_defined_functions,W.VEHICLES.W.VEHICLES.user_function,WRITE
example_24en_user_defined_functions.py,distrib/UXsim/demos_and_examples/example_24en_user_defined_functions.py,example_24en_user_defined_functions,link1,WRITE
example_18en_result_GUI_viewer_grid.py,distrib/UXsim/demos_and_examples/example_18en_result_GUI_viewer_grid.py,example_18en_result_GUI_viewer_grid,W,WRITE
example_18en_result_GUI_viewer_grid.py,distrib/UXsim/demos_and_examples/example_18en_result_GUI_viewer_grid.py,example_18en_result_GUI_viewer_grid,imax,WRITE
example_18en_result_GUI_viewer_grid.py,distrib/UXsim/demos_and_examples/example_18en_result_GUI_viewer_grid.py,example_18en_result_GUI_viewer_grid,jmax,WRITE
example_18en_result_GUI_viewer_grid.py,distrib/UXsim/demos_and_examples/example_18en_result_GUI_viewer_grid.py,example_18en_result_GUI_viewer_grid,nodes,WRITE
example_18en_result_GUI_viewer_grid.py,distrib/UXsim/demos_and_examples/example_18en_result_GUI_viewer_grid.py,example_18en_result_GUI_viewer_grid,links,WRITE
example_18en_result_GUI_viewer_grid.py,distrib/UXsim/demos_and_examples/example_18en_result_GUI_viewer_grid.py,example_18en_result_GUI_viewer_grid,demand_flow,WRITE
example_18en_result_GUI_viewer_grid.py,distrib/UXsim/demos_and_examples/example_18en_result_GUI_viewer_grid.py,example_18en_result_GUI_viewer_grid,demand_duration,WRITE
example_02jp_bottleneck.py,distrib/UXsim/demos_and_examples/example_02jp_bottleneck.py,example_02jp_bottleneck,W,WRITE
example_23en_huge_scale_simlation_at_Chicago.py,distrib/UXsim/demos_and_examples/example_23en_huge_scale_simlation_at_Chicago.py,example_23en_huge_scale_simlation_at_Chicago,W,WRITE
example_02en_bottleneck.py,distrib/UXsim/demos_and_examples/example_02en_bottleneck.py,example_02en_bottleneck,W,WRITE
__init__.py,distrib/UXsim/uxsim/__init__.py,uxsim.__init__,__version__,WRITE
__init__.py,distrib/UXsim/uxsim/__init__.py,uxsim.__init__,__author__,WRITE
__init__.py,distrib/UXsim/uxsim/__init__.py,uxsim.__init__,__copyright__,WRITE
__init__.py,distrib/UXsim/uxsim/__init__.py,uxsim.__init__,__license__,WRITE
example_15jp_4phase_signal_japanese_style.py,distrib/UXsim/demos_and_examples/example_15jp_4phase_signal_japanese_style.py,example_15jp_4phase_signal_japanese_style,W,WRITE
example_15jp_4phase_signal_japanese_style.py,distrib/UXsim/demos_and_examples/example_15jp_4phase_signal_japanese_style.py,example_15jp_4phase_signal_japanese_style,signal_phase_setting,WRITE
example_15jp_4phase_signal_japanese_style.py,distrib/UXsim/demos_and_examples/example_15jp_4phase_signal_japanese_style.py,example_15jp_4phase_signal_japanese_style,demand_s,WRITE
example_15jp_4phase_signal_japanese_style.py,distrib/UXsim/demos_and_examples/example_15jp_4phase_signal_japanese_style.py,example_15jp_4phase_signal_japanese_style,demand_l,WRITE
example_15jp_4phase_signal_japanese_style.py,distrib/UXsim/demos_and_examples/example_15jp_4phase_signal_japanese_style.py,example_15jp_4phase_signal_japanese_style,demand_r,WRITE
example_15jp_4phase_signal_japanese_style.py,distrib/UXsim/demos_and_examples/example_15jp_4phase_signal_japanese_style.py,example_15jp_4phase_signal_japanese_style,duration,WRITE
example_00en_simple.py,distrib/UXsim/demos_and_examples/example_00en_simple.py,example_00en_simple,W,WRITE
example_09en_congestion_pricing_highway_toll.py,distrib/UXsim/demos_and_examples/example_09en_congestion_pricing_highway_toll.py,example_09en_congestion_pricing_highway_toll,W,WRITE
example_09en_congestion_pricing_highway_toll.py,distrib/UXsim/demos_and_examples/example_09en_congestion_pricing_highway_toll.py,example_09en_congestion_pricing_highway_toll,imax,WRITE
example_09en_congestion_pricing_highway_toll.py,distrib/UXsim/demos_and_examples/example_09en_congestion_pricing_highway_toll.py,example_09en_congestion_pricing_highway_toll,jmax,WRITE
example_09en_congestion_pricing_highway_toll.py,distrib/UXsim/demos_and_examples/example_09en_congestion_pricing_highway_toll.py,example_09en_congestion_pricing_highway_toll,nodes,WRITE
example_09en_congestion_pricing_highway_toll.py,distrib/UXsim/demos_and_examples/example_09en_congestion_pricing_highway_toll.py,example_09en_congestion_pricing_highway_toll,links,WRITE
example_09en_congestion_pricing_highway_toll.py,distrib/UXsim/demos_and_examples/example_09en_congestion_pricing_highway_toll.py,example_09en_congestion_pricing_highway_toll,demand_flow,WRITE
example_09en_congestion_pricing_highway_toll.py,distrib/UXsim/demos_and_examples/example_09en_congestion_pricing_highway_toll.py,example_09en_congestion_pricing_highway_toll,demand_duration,WRITE
example_09en_congestion_pricing_highway_toll.py,distrib/UXsim/demos_and_examples/example_09en_congestion_pricing_highway_toll.py,example_09en_congestion_pricing_highway_toll,W_orig,WRITE
example_09en_congestion_pricing_highway_toll.py,distrib/UXsim/demos_and_examples/example_09en_congestion_pricing_highway_toll.py,example_09en_congestion_pricing_highway_toll,W.name,WRITE
example_09en_congestion_pricing_highway_toll.py,distrib/UXsim/demos_and_examples/example_09en_congestion_pricing_highway_toll.py,example_09en_congestion_pricing_highway_toll,W2,WRITE
example_09en_congestion_pricing_highway_toll.py,distrib/UXsim/demos_and_examples/example_09en_congestion_pricing_highway_toll.py,example_09en_congestion_pricing_highway_toll,W2.name,WRITE
example_09en_congestion_pricing_highway_toll.py,distrib/UXsim/demos_and_examples/example_09en_congestion_pricing_highway_toll.py,example_09en_congestion_pricing_highway_toll,df,WRITE
example_09en_congestion_pricing_highway_toll.py,distrib/UXsim/demos_and_examples/example_09en_congestion_pricing_highway_toll.py,example_09en_congestion_pricing_highway_toll,all_ave_tt,WRITE
example_09en_congestion_pricing_highway_toll.py,distrib/UXsim/demos_and_examples/example_09en_congestion_pricing_highway_toll.py,example_09en_congestion_pricing_highway_toll,all_ave_delay,WRITE
example_09en_congestion_pricing_highway_toll.py,distrib/UXsim/demos_and_examples/example_09en_congestion_pricing_highway_toll.py,example_09en_congestion_pricing_highway_toll,df,WRITE
example_09en_congestion_pricing_highway_toll.py,distrib/UXsim/demos_and_examples/example_09en_congestion_pricing_highway_toll.py,example_09en_congestion_pricing_highway_toll,highway_user,WRITE
example_09en_congestion_pricing_highway_toll.py,distrib/UXsim/demos_and_examples/example_09en_congestion_pricing_highway_toll.py,example_09en_congestion_pricing_highway_toll,highway_ave_tt,WRITE
example_09en_congestion_pricing_highway_toll.py,distrib/UXsim/demos_and_examples/example_09en_congestion_pricing_highway_toll.py,example_09en_congestion_pricing_highway_toll,df,WRITE
example_09en_congestion_pricing_highway_toll.py,distrib/UXsim/demos_and_examples/example_09en_congestion_pricing_highway_toll.py,example_09en_congestion_pricing_highway_toll,all_ave_tt2,WRITE
example_09en_congestion_pricing_highway_toll.py,distrib/UXsim/demos_and_examples/example_09en_congestion_pricing_highway_toll.py,example_09en_congestion_pricing_highway_toll,all_ave_delay2,WRITE
example_09en_congestion_pricing_highway_toll.py,distrib/UXsim/demos_and_examples/example_09en_congestion_pricing_highway_toll.py,example_09en_congestion_pricing_highway_toll,df,WRITE
example_09en_congestion_pricing_highway_toll.py,distrib/UXsim/demos_and_examples/example_09en_congestion_pricing_highway_toll.py,example_09en_congestion_pricing_highway_toll,highway_user2,WRITE
example_09en_congestion_pricing_highway_toll.py,distrib/UXsim/demos_and_examples/example_09en_congestion_pricing_highway_toll.py,example_09en_congestion_pricing_highway_toll,highway_ave_tt2,WRITE
example_27en_interactive_simulation_by_streamlit.py,distrib/UXsim/demos_and_examples/example_27en_interactive_simulation_by_streamlit.py,example_27en_interactive_simulation_by_streamlit,initial_sim,WRITE
example_27en_interactive_simulation_by_streamlit.py,distrib/UXsim/demos_and_examples/example_27en_interactive_simulation_by_streamlit.py,example_27en_interactive_simulation_by_streamlit,fig1,WRITE
example_27en_interactive_simulation_by_streamlit.py,distrib/UXsim/demos_and_examples/example_27en_interactive_simulation_by_streamlit.py,example_27en_interactive_simulation_by_streamlit,demand_flow,WRITE
example_27en_interactive_simulation_by_streamlit.py,distrib/UXsim/demos_and_examples/example_27en_interactive_simulation_by_streamlit.py,example_27en_interactive_simulation_by_streamlit,green_split,WRITE
example_27en_interactive_simulation_by_streamlit.py,distrib/UXsim/demos_and_examples/example_27en_interactive_simulation_by_streamlit.py,example_27en_interactive_simulation_by_streamlit,o3,WRITE
example_27en_interactive_simulation_by_streamlit.py,distrib/UXsim/demos_and_examples/example_27en_interactive_simulation_by_streamlit.py,example_27en_interactive_simulation_by_streamlit,o2,WRITE
example_27en_interactive_simulation_by_streamlit.py,distrib/UXsim/demos_and_examples/example_27en_interactive_simulation_by_streamlit.py,example_27en_interactive_simulation_by_streamlit,o1,WRITE
example_27en_interactive_simulation_by_streamlit.py,distrib/UXsim/demos_and_examples/example_27en_interactive_simulation_by_streamlit.py,example_27en_interactive_simulation_by_streamlit,sim,WRITE
example_27en_interactive_simulation_by_streamlit.py,distrib/UXsim/demos_and_examples/example_27en_interactive_simulation_by_streamlit.py,example_27en_interactive_simulation_by_streamlit,stats,WRITE
example_27en_interactive_simulation_by_streamlit.py,distrib/UXsim/demos_and_examples/example_27en_interactive_simulation_by_streamlit.py,example_27en_interactive_simulation_by_streamlit,fig2,WRITE
